IMO Number,Name,Ship type,Total fuel consumption [m tonnes],Time spent at sea [hours],days_at_sea,fuel_consumption_per_day
1013169,MSC SERENA,Container ship,1504.45,477.5,19.895833333333332,75.61633507853404
1015959,HMM LEAF,Container ship,4108.6,1650.4,68.76666666666667,59.746970431410574
1016563,JOANNA BORCHARD,Container ship,4070.89,3692.41,153.85041666666666,26.46005183606371
1016575,JUDITH BORCHARD,Container ship,2259.99,2062.79,85.94958333333334,26.29436830700168
1016587,RACHEL BORCHARD,Container ship,657.58,733.68,30.569999999999997,21.51063133791299
1016654,MSC LEILA,Container ship,2574.2,959.2,39.96666666666667,64.40867389491243
1016666,MSC INSA,Container ship,2341.46,779.4,32.475,72.10038491147036
1016680,MSC EDNA,Container ship,1457.5,443.4,18.474999999999998,78.89039242219216
1016692,MSC ADELE,Container ship,2296.08,854.9,35.62083333333333,64.45890747455843
1025203,EVER ECO,Container ship,4128.76702,761.4,31.724999999999998,130.1423804570528
1025540,DURANDE,Container ship,806.36,1003.3,41.80416666666667,19.288986345061296
1032438,CHIQUITA FARMER,Container ship,858.366,705.6,29.400000000000002,29.19612244897959
8616520,MSC MARIA LAURA II,Container ship,1240.94,1441.7,60.07083333333333,20.65794548102934
8715857,MSC SARISKA V,Container ship,3668.57,1363.7,56.82083333333333,64.56381902177898
8913411,MSC SANTHYA,Container ship,7136.96,3606.28,150.26166666666668,47.496877668955264
8913423,MSC SHANNON III,Container ship,6902.14,4246.0,176.91666666666666,39.01350918511541
8913447,MSC ATLANTIC III,Container ship,6528.76,3615.6,150.65,43.33727182210421
8917778,MSC ELOISE,Container ship,892.63,507.9,21.162499999999998,42.17979917306557
8918954,MSC NEDERLAND III,Container ship,5614.74,2833.0,118.04166666666667,47.56574655841863
8918966,MSC MANDY III,Container ship,6034.79,2852.2,118.84166666666665,50.78008554799804
8918978,MSC SUEZ,Container ship,6231.53,3388.4,141.18333333333334,44.1378585763192
8918980,MSC JORDAN III,Container ship,7274.34,4468.2,186.17499999999998,39.072592990465964
9000742,MSC JENNY II,Container ship,3041.48,2904.8,121.03333333333335,25.129275681630403
9020352,INGA A,Container ship,1416.56,1798.46,74.93583333333333,18.903639780701265
9039250,MSC JOY,Container ship,5497.82,4638.3,193.26250000000002,28.447422547053872
9051507,MSC KRITTIKA,Container ship,1926.22,1264.0,52.666666666666664,36.573797468354435
9062996,MSC MILA 3,Container ship,922.25,1033.2,43.050000000000004,21.422764227642276
9064748,MED BEYKOZ,Container ship,1687.28,1767.54,73.6475,22.910214196001224
9064750,MSC ELEONORA III,Container ship,2560.14,3526.3,146.92916666666667,17.424314437228823
9074042,MSC POLARIS,Container ship,6864.11,2614.5,108.9375,63.009615605278256
9083043,NANTO,Container ship,6674.345,6553.11,273.04625,24.4440090277746
9083055,MONTE BRASIL,Container ship,4419.821815,4989.57,207.89874999999998,21.25949201233774
9084607,MSC NITA,Container ship,2561.15,3283.9,136.82916666666668,18.717865952069186
9085534,KOTKA,Container ship,4678.439,1695.2,70.63333333333334,66.23556866446437
9103350,MEDKON GEMLIK,Container ship,450.98,1780.0,74.16666666666667,6.080629213483146
9103386,BFR,Container ship,231.76,499.1,20.795833333333334,11.144540172310156
9106479,MED CORLU,Container ship,512.04,647.08,26.96166666666667,18.991407553934597
9106493,MED DENIZLI,Container ship,617.68,825.25,34.385416666666664,17.963429263859435
9108063,PIRITA,Container ship,2471.0,4418.16,184.09,13.422782334727579
9108130,VALENCIA EXPRESS,Container ship,8095.381,3911.44,162.97666666666666,49.67202462520198
9108398,MSC TIANA F,Container ship,2578.32,4202.2,175.09166666666667,14.72554376279092
9110377,MSC SAMANTHA VI,Container ship,8658.61,2907.3,121.1375,71.47753585801259
9110389,MSC KATYAYNI VI,Container ship,4405.11,1588.9,66.20416666666667,66.53825917301278
9110391,MSC DYMPHNA,Container ship,9952.14,2866.37,119.43208333333332,83.32886542909674
9113446,MSC CLAUDIA,Container ship,2017.8,3067.2,127.8,15.788732394366198
9114347,MEDKON RIZE,Container ship,795.87,4742.21,197.59208333333333,4.027843558172244
9116369,MSC SENA,Container ship,7669.5,5333.2,222.21666666666667,34.51361284032101
9123788,MONTE DA GUIA,Container ship,2893.951364,3571.71,148.82125,19.445820835398173
9126742,ROZA A,Container ship,1852.44,3437.69,143.23708333333335,12.932684447986874
9126754,TOMRIZ A,Container ship,991.12,1752.43,73.01791666666666,13.573654867812124
9126766,CORELLI,Container ship,2269.98,4248.15,177.00625,12.824292927509623
9126924,LEYLA KALKAVAN,Container ship,828.13,1090.78,45.44916666666666,18.221016153578173
9126998,TITAN,Container ship,545.512,600.07,25.002916666666668,21.817934574299663
9127007,JAGUAR,Container ship,1782.512,1765.45,73.56041666666667,24.23194539635787
9127021,MSC IZMIR F,Container ship,681.56,785.1,32.7125,20.834849063813525
9127459,ALLEGRI,Container ship,2824.61,4381.67,182.56958333333333,15.471416149550286
9127540,MSC HIMANSHI,Container ship,899.44,985.1,41.045833333333334,21.91306466348594
9129469,PERSEUS,Container ship,3480.26,5184.37,216.01541666666665,16.11116490528261
9134153,WEC MAJORELLE,Container ship,2185.99,4773.18,198.88250000000002,10.991364247734213
9135638,MED MERSIN,Container ship,546.97,778.88,32.45333333333333,16.854046836483157
9138276,PANTHER,Container ship,689.832,432.4,18.016666666666666,38.28854764107308
9138355,K-RIVER,Container ship,2272.11,4145.54,172.73083333333332,13.154049894585508
9141118,VM VITA,Container ship,6972.34,6494.71,270.61291666666665,25.764993356131377
9141285,MSC YUVIKA V,Container ship,4008.83,1703.7,70.9875,56.47233667899278
9141613,PONTA DO SOL,Container ship,1618.002,2967.36,123.64,13.086395988353283
9141780,MED TRABZON,Container ship,3947.72,3821.57,159.23208333333335,24.792239838600363
9141792,CIELO DI RABAT,Container ship,1765.372,2194.8,91.45,19.30423182066703
9143544,KOBE EXPRESS,Container ship,8540.54,3430.91,142.95458333333332,59.74303027476677
9143568,LONDON EXPRESS,Container ship,9296.89,3720.82,155.03416666666666,59.966717013991534
9143879,MED IZMIR,Container ship,1617.38,2263.29,94.30375,17.150749572524955
9143972,K-OCEAN,Container ship,1974.14,3903.38,162.64083333333335,12.138034216499547
9144718,JONA SOPHIE,Container ship,2653.766,2900.05,120.83541666666667,21.96182272719436
9144720,BARBARA P,Container ship,3470.131,3811.44,158.81,21.850834330331843
9146479,MSC VILDA X,Container ship,6063.12,1360.5,56.6875,106.95691289966923
9147071,MSC SAO PAULO V,Container ship,5641.41,2854.7,118.94583333333333,47.42839527796266
9147215,MED CERKEZKOY,Container ship,915.49,1324.16,55.17333333333334,16.592979700338326
9148025,MED AYDIN,Container ship,331.64,486.08,20.253333333333334,16.374588545095456
9149885,FIONA,Container ship,2603.69,3797.5,158.22916666666666,16.45518367346939
9150080,WEC BOUMEESTER,Container ship,2614.93,4272.0,178.0,14.690617977528088
9150420,INSULAR,Container ship,3511.347247,4374.88,182.28666666666666,19.26277610540175
9150470,LAGOA,Container ship,2407.755,4442.48,185.10333333333332,13.00762637085592
9151101,K-STREAM,Container ship,1136.37,1702.28,70.92833333333333,16.021383086213785
9152856,MSC GIANNA III,Container ship,4761.19,3894.65,162.27708333333334,29.339879064871038
9152911,MEDKON MIRA,Container ship,415.67,1073.41,44.72541666666667,9.293820627719139
9152923,BELITAKI,Container ship,3462.0,3868.3,161.17916666666667,21.479202750562262
9153850,MSC GIOVANNA VII,Container ship,2477.4,751.4,31.308333333333334,79.12909236092628
9153862,EPAMINONDAS,Container ship,4346.42,1167.3,48.637499999999996,89.36355692624005
9154206,MSC ISHYKA,Container ship,1156.25,803.8,33.49166666666667,34.52351331176909
9155107,MSC MARIA PIA,Container ship,8119.79,5583.57,232.64874999999998,34.90149850364552
9159878,KAWA KOPER,Container ship,617.5,610.47,25.43625,24.276377217553687
9160920,MED URLA,Container ship,1494.95,2167.55,90.31458333333335,16.55269774630343
9162631,MSC ASLI,Container ship,5567.14,4181.8,174.24166666666667,31.950681524702283
9162643,MSC LEA II,Container ship,3236.64,2829.7,117.90416666666665,27.451447149874546
9162679,KINGSTON TRADER,Container ship,568.7,895.04,37.29333333333333,15.249374329638902
9165308,VICTORIA,Container ship,2237.65,6246.68,260.27833333333336,8.597142802256558
9166651,MSC ALIX 3,Container ship,3387.54,3618.72,150.78,22.46677278153601
9166778,MSC ABY,Container ship,14511.17,3710.1,154.5875,93.8702676477723
9167942,MERITO,Container ship,2339.82,3035.0,126.45833333333333,18.502695222405272
9169029,MSC EDITH II,Container ship,6094.76,4421.6,184.23333333333335,33.08174416500814
9169031,MSC MARYLENA II,Container ship,6817.31,4934.7,205.61249999999998,33.156106754209986
9169043,MSC CAITLIN II,Container ship,5719.69,4234.4,176.4333333333333,32.418420555450595
9169055,MSC ADRIANA II,Container ship,6814.56,5266.8,219.45000000000002,31.052904989747095
9169067,MSC MIA SUMMER II,Container ship,7221.56,5473.7,228.07083333333333,31.663671739408446
9169122,MSC ANNICK,Container ship,3057.77,1466.5,61.104166666666664,50.041922945789295
9169811,HMO LEADER,Container ship,615.4,1178.83,49.117916666666666,12.529033024269827
9173135,MSC WIND II,Container ship,603.98,678.6,28.275000000000002,21.360919540229883
9175705,MANDO,Container ship,2585.55,2772.2,115.50833333333333,22.384099271336847
9181651,MSC INGRID,Container ship,6174.68,2602.92,108.455,56.933105896454755
9181663,MSC MATILDE V,Container ship,11640.98,4478.0,186.58333333333334,62.3902456453774
9186405,DEPE,Container ship,2170.52,3468.0,144.5,15.020899653979239
9188219,MSC MASHA 3,Container ship,3719.4,5128.7,213.69583333333333,17.40511240665276
9188506,HANNI,Container ship,3325.65,5063.61,210.98375,15.762588350998596
9188518,CONTAINERSHIPS VI,Container ship,4769.9,3637.75,151.57291666666666,31.469342313243075
9189342,MSC TASMAN VI,Container ship,2073.28,594.5,24.770833333333332,83.69843566021868
9190731,LOUIS MAERSK,Container ship,12989.679167,4439.0,184.95833333333334,70.23029961883307
9190743,LAUST MAERSK,Container ship,6904.188999,2377.83,99.07625,69.68561081994928
9190755,LEDA MAERSK,Container ship,13386.560737,4506.75,187.78125,71.28805850956898
9190767,LEXA MAERSK,Container ship,13341.668125,4435.3,184.80416666666667,72.1935460960927
9190779,LICA MAERSK,Container ship,12943.795227,4279.17,178.29875,72.59610752739432
9190781,LUNA MAERSK,Container ship,12751.601028,4812.03,200.50125,63.598611120878296
9192478,NORA MAERSK,Container ship,6250.611681,5185.18,216.04916666666668,28.931431569203
9193240,MAERSK KENTUCKY,Container ship,4178.194,1396.18,58.17416666666667,71.82215473649529
9193264,MAERSK IDAHO,Container ship,7470.74928,3468.95,144.53958333333333,51.68652840773145
9193290,TOKYO EXPRESS,Container ship,1425.51,440.12,18.338333333333335,77.73389075706625
9193305,SEOUL EXPRESS,Container ship,1548.3,427.5,17.8125,86.92210526315789
9196838,MSC YORK VII,Container ship,3745.28,1398.6,58.275,64.26906906906908
9196864,MSC MICHIGAN VII,Container ship,5566.72,1886.02,78.58416666666666,70.83767934592423
9197521,EMILIA,Container ship,2582.56,5311.67,221.31958333333333,11.668917685021848
9200677,MSC SYDNEY VI,Container ship,4270.1,1120.0,46.666666666666664,91.50214285714287
9200811,ISTANBUL BRIDGE,Container ship,1015.17,391.3,16.304166666666667,62.26445182724252
9202077,ILHA DA MADEIRA,Container ship,4107.867473,5040.25,210.01041666666666,19.56030342780616
9203502,MAIRA,Container ship,3845.2596,3364.69,140.19541666666666,27.427855285330892
9203526,NIKOLAS,Container ship,1929.37,2605.1,108.54583333333333,17.774703466277685
9203904,MSC BELLE,Container ship,2182.98,3919.58,163.31583333333333,13.366615810877697
9203954,MSC SANDRA,Container ship,7908.73,4390.53,182.93875,43.231573409132835
9204506,IONIA,Container ship,3735.31,4150.0,172.91666666666666,21.601792771084337
9208356,LION,Container ship,1602.803,2593.53,108.06375000000001,14.832013510543543
9209104,NEWYORKER,Container ship,3121.94,2690.98,112.12416666666667,27.843596013348296
9210074,DIMITRIS C,Container ship,6198.03,3738.95,155.78958333333333,39.784624025461696
9210098,MSC SINES R,Container ship,5699.53,3603.72,150.155,37.95764376810629
9211482,W KLAIPEDA,Container ship,13415.85,3990.32,166.26333333333335,80.69037069708695
9211494,W KYRENIA,Container ship,3201.19,807.7,33.65416666666667,95.12016837934877
9212010,MSC RACHEL F,Container ship,3606.17,2919.8,121.65833333333335,29.64178368381396
9212022,CACHALOT,Container ship,2651.053,2319.17,96.63208333333334,27.434501136182337
9212034,MSC RUTH F,Container ship,5124.91,4901.4,204.225,25.094430162810625
9213583,GSL MYNY,Container ship,9935.01,3756.7,156.52916666666667,63.47066308196023
9214898,MSC NICOLE X,Container ship,15403.84,3586.7,149.44583333333333,103.07306437672513
9215189,JOHANNES MAERSK,Container ship,7026.433,4169.42,173.72583333333333,40.44552767531216
9215311,W KAMPALA,Container ship,7640.6,2956.8,123.2,62.017857142857146
9215660,PAGE,Container ship,6831.23,4543.5,189.3125,36.084410696599534
9215672,MSC JESSENIA R,Container ship,655.86,378.7,15.779166666666667,41.564932664378134
9215878,MAERSK NEWCASTLE,Container ship,4248.4823,4726.64,196.94333333333336,21.57210517407714
9215919,BAMSI BEYREK,Container ship,626.31,645.31,26.887916666666666,23.293362879856193
9216092,LUEBECK,Container ship,3105.918,3986.68,166.11166666666665,18.69777157935927
9216107,EGY CROWN,Container ship,616.55,942.91,39.28791666666667,15.693120234168688
9216353,MAYFIELD,Container ship,3029.26,3000.7,125.02916666666665,24.228426700436568
9217565,MSC PANAYA,Container ship,1680.14,1504.57,62.690416666666664,26.800587543284795
9219381,LODUR,Container ship,5939.13,3693.38,153.89083333333335,38.593136909822434
9219393,MSC HELENA III,Container ship,5302.1,3215.6,133.98333333333332,39.57283244184601
9219862,ELISABETH,Container ship,2632.82,4061.98,169.24916666666667,15.555881614385104
9219874,FREYA,Container ship,2640.65,3773.85,157.24375,16.793354266862753
9220067,MORAGA,Container ship,2510.44,3068.4,127.85000000000001,19.635823230348063
9220079,HARRISON,Container ship,136.0,436.9,18.204166666666666,7.470817120622568
9220316,JPO AQUARIUS,Container ship,2428.87,1953.9,81.41250000000001,29.83411638261937
9220847,MSC AKITETA II,Container ship,749.2,509.6,21.233333333333334,35.28414442700157
9220861,CMA CGM SAHARA,Container ship,4280.4,3837.87,159.91125,26.767347513073656
9220885,NEXOE MAERSK,Container ship,5294.258,4341.93,180.91375000000002,29.263989055558238
9220897,NYSTED MAERSK,Container ship,5831.142501,5004.6,208.525,27.963757348039803
9221097,COSCO SHANGHAI,Container ship,10400.0,5739.47,239.14458333333334,43.48833603102725
9221815,MSC KERRY VII,Container ship,1695.97,471.4,19.641666666666666,86.34552397114977
9221839,PORTO CHELI,Container ship,14074.48,5079.66,211.6525,66.49805695656795
9222106,MSC SAMU,Container ship,3729.57,1532.8,63.86666666666667,58.39618997912318
9222118,NORTHWOOD,Container ship,4107.09625,5256.61,219.02541666666664,18.751687874885146
9222120,MSC ANDRIANA III,Container ship,1741.27,2078.7,86.6125,20.10414201183432
9222986,GSL TEGEA,Container ship,10015.645,3295.56,137.315,72.93919091140808
9224051,MSC RHIANNON,Container ship,2839.57,2708.58,112.8575,25.16066721307844
9224312,CMA CGM CHIWAN,Container ship,7256.8,5827.8,242.82500000000002,29.88489653042314
9224348,MSC SINGAPORE IV,Container ship,8029.91,4447.58,185.31583333333333,43.3309440189946
9225665,MSC LAURA,Container ship,15733.86,4713.93,196.41375000000002,80.10569524791416
9225677,MSC LUISA,Container ship,2532.11,751.2,31.3,80.89808306709266
9225794,MED SAMSUN,Container ship,4715.78,4248.14,177.00583333333336,26.641946828494348
9226372,MAIKE D,Container ship,3075.11,4348.45,181.18541666666667,16.972171693362004
9226504,TEOMAN A,Container ship,5594.87,3659.57,152.48208333333335,36.69198293788614
9226516,CINZIA A,Container ship,5940.29,4137.04,172.37666666666667,34.46110262409839
9226920,MSC MARIANNA,Container ship,11046.45,3091.3,128.80416666666667,85.76158897551193
9227015,ALGECIRAS EXPRESS,Container ship,5218.3,2667.9,111.16250000000001,46.94298886764871
9227039,FELIXSTOWE,Container ship,2556.19,1570.6,65.44166666666666,39.060588310199925
9227285,MSC YANG R,Container ship,4944.95,3344.8,139.36666666666667,35.48158335326477
9227297,MSC ANISHA R.,Container ship,11150.03,3457.9,144.07916666666668,77.38821828277278
9227302,MSC KATYA R.,Container ship,12569.66,4104.87,171.03625,73.49120434995505
9227314,MSC ZLATA R.,Container ship,9095.32,3014.9,125.62083333333334,72.40295863876082
9227326,MSC VIDISHA R.,Container ship,11109.74,3486.3,145.26250000000002,76.48044058170552
9227338,MSC JULIA R.,Container ship,12162.18,3755.6,156.48333333333332,77.72188731494303
9227340,MSC VAISHNAVI R.,Container ship,12621.33,4099.48,170.81166666666664,73.89032755373853
9229348,GSL NICOLETTA,Container ship,1903.8,519.74,21.655833333333334,87.91164813175818
9229831,YANTIAN EXPRESS,Container ship,20330.29197,5568.39,232.01625,87.6244313490973
9229843,NINGBO EXPRESS,Container ship,14559.99994,4817.87,200.74458333333334,72.52997664112979
9229855,KIEL EXPRESS,Container ship,15443.97201,5484.26,228.51083333333335,67.58529468697691
9230490,MSC LORETTA,Container ship,18652.65,5530.4,230.4333333333333,80.94597135831044
9231092,MSC CEDAR II,Container ship,1882.38,1393.7,58.07083333333333,32.415240008610176
9231119,MSC MADISON II,Container ship,3043.28,3257.2,135.71666666666667,22.42377502149085
9231157,ZEBRA,Container ship,3850.16,2141.97,89.24874999999999,43.13965181585177
9231236,GSL MARIA,Container ship,8688.19,2916.77,121.53208333333333,71.48885925184365
9231248,MSC INDIA,Container ship,11926.73,3158.9,131.62083333333334,90.61430244705434
9231250,MSC DENMARK VI,Container ship,9939.53,3264.7,136.02916666666667,73.06910895334947
9231262,MSC SWEDEN VI,Container ship,16830.83,5290.6,220.4416666666667,76.35049332778891
9231470,MAERSK NEWBURY,Container ship,4723.925,3270.78,136.2825,34.66274099756021
9231482,EVRIDIKI G,Container ship,5462.094,3112.1,129.67083333333332,42.122764692651266
9231494,EM CORFU,Container ship,2355.797,1400.47,58.352916666666665,40.37153812648611
9231808,ZIM VIRGINIA,Container ship,9600.29,3593.2,149.71666666666667,64.12305465879996
9231810,MSC HONG KONG V,Container ship,10279.27,4227.83,176.15958333333333,58.3520340221816
9231822,MSC SHANGHAI V,Container ship,13939.27,5764.9,240.20416666666665,58.03092508109421
9231834,BJORG,Container ship,3744.284,4136.95,172.37291666666667,21.721997123484694
9231846,NEUENFELDE,Container ship,3967.991,4801.23,200.05124999999998,19.834872313969548
9232462,MSC WAVE F,Container ship,2972.84,3919.09,163.29541666666668,18.205287451933994
9232565,LIVERPOOL EXPRESS,Container ship,12321.152,5251.21,218.80041666666668,56.312287644181055
9232577,DUBLIN EXPRESS,Container ship,13448.80497,5351.44,222.97666666666666,60.314853437579416
9232589,GLASGOW EXPRESS,Container ship,11963.18898,6035.96,251.49833333333333,47.56766703556684
9232644,MSC NIKOLETA II,Container ship,2901.99,4514.39,188.09958333333336,15.427944860767454
9232656,MSC KATALIN II,Container ship,1692.41,3388.92,141.205,11.985482100492192
9232773,MSC GIADA III,Container ship,3951.89,2403.7,100.15416666666665,39.45806881058369
9232890,MSC ENGLAND,Container ship,12339.58,5886.0,245.25,50.314291539245666
9234135,CMA CGM GUARANI,Container ship,2678.1,2962.6,123.44166666666666,21.69526767028961
9234355,XIN LIAN YUN GANG,Container ship,14996.4497,5732.48,238.85333333333332,62.78518072457296
9234989,AURORA,Container ship,2143.445,2322.51,96.77125000000001,22.149605383830423
9234991,QUEEN NM,Container ship,2146.722,2207.33,91.97208333333333,23.34101742829573
9235402,MSC RADIANT III,Container ship,2954.96,2849.88,118.745,24.884921470377698
9235543,MAERSK GATESHEAD,Container ship,11526.00002,5732.56,238.85666666666668,48.254880974643086
9235555,MAERSK GIRONDE,Container ship,8665.75,4134.48,172.26999999999998,50.3033029546642
9235579,MAERSK GARONNE,Container ship,5140.81,2267.73,94.48875,54.406582794247996
9235610,MSC VERA F,Container ship,4237.9,4924.4,205.1833333333333,20.654211680610835
9235816,BUXLINK,Container ship,1779.974,1035.07,43.127916666666664,41.271968079453565
9236224,MSC REET II,Container ship,2530.06,3537.1,147.37916666666666,17.167012524384383
9236274,MSC POTOMAC F,Container ship,4466.493,5012.0,208.83333333333334,21.387835594573026
9236286,PAN GG,Container ship,1252.78,1511.3,62.97083333333333,19.894607291735593
9236597,ATLANTIC NORTH,Container ship,1569.75,1501.91,62.57958333333334,25.08405963073686
9237149,AKHISAR,Container ship,2141.07055,4910.05,204.58541666666667,10.465411390922698
9237151,MSC DONATA,Container ship,8908.28,4728.3,197.01250000000002,45.21682634350612
9237369,MEL SPIRIT,Container ship,3101.63,3502.36,145.93166666666667,21.25398873902169
9237371,WEC VERMEER,Container ship,5565.73,5664.08,236.00333333333333,23.583268597901156
9238064,DANIEL A,Container ship,1699.88,2062.42,85.93416666666667,19.781189088546466
9238076,ONUR G.A,Container ship,1955.63,2380.15,99.17291666666667,19.719395836396867
9238739,MSC VIDHI,Container ship,13957.84,4053.5,168.89583333333334,82.6417071666461
9238741,MSC MARGARITA,Container ship,6762.35,2168.82,90.3675,74.83165961213932
9239850,APL SAIPAN,Container ship,1022.5,1698.92,70.78833333333334,14.444470604854848
9239874,CMA CGM GULF EXPRESS,Container ship,956.4,1250.53,52.10541666666666,18.355097438686
9239903,MSC PAMIRA III,Container ship,2737.25,2891.5,120.47916666666667,22.7196956596922
9240873,MSC RESILIENT III,Container ship,1121.16,647.1,26.962500000000002,41.58219749652295
9241322,EVER EXCEL,Container ship,3506.28656,1162.7,48.44583333333333,72.3753998795906
9241451,MSC SARYA III,Container ship,2716.97,2648.3,110.34583333333335,24.622316202847106
9242285,AURETTE A,Container ship,2628.63,2831.8,117.99166666666667,22.278098735786426
9242297,VENTO DI MELTEMI,Container ship,1732.39,1601.28,66.72,25.96507793764988
9242558,NAAMA BORCHARD,Container ship,4835.07,4967.56,206.98166666666668,23.359894998751898
9242560,AMELIE BORCHARD,Container ship,6621.95,5771.68,240.48666666666668,27.53562221051756
9242625,MSC VANQUISH II,Container ship,5591.85,5579.7,232.48749999999998,24.052260874240552
9242637,MSC KAYLA,Container ship,5106.75,5127.8,213.65833333333333,23.901478216779125
9242651,MSC AMY,Container ship,5709.65,4755.1,198.1291666666667,28.817816660007146
9243186,ANTIBES EXPRESS,Container ship,7814.217931,5041.32,210.05499999999998,37.20081850467735
9243203,SPARTEL TRADER,Container ship,4051.33,2198.33,91.59708333333333,44.22990178908535
9243394,MSC DARIEN,Container ship,14421.22,4402.1,183.42083333333335,78.62367506417391
9243590,MSC ASSUNTA III,Container ship,4555.49,3033.7,126.40416666666665,36.039080990209975
9244180,ELBE,Container ship,344.263,523.41,21.80875,15.785544792801053
9244881,MSC ARUSHI R.,Container ship,12945.79,4454.2,185.59166666666667,69.75415562839568
9244922,ZIM VIETNAM,Container ship,17996.694,4398.68,183.27833333333334,98.19324342757372
9244934,ZIM AMERICA,Container ship,18141.518,4729.2,197.04999999999998,92.06555696523726
9246346,MSC ERMINIA III,Container ship,3006.721,1325.4,55.225,54.44492530556813
9246396,COSCO ANTWERP,Container ship,7124.06,4412.67,183.86125,38.74693552882948
9246530,KATHERINE BORCHARD,Container ship,6255.095,5594.84,233.11833333333334,26.832274023922043
9246554,MIRIAM BORCHARD,Container ship,6260.151,5819.75,242.48958333333334,25.816164611881952
9246566,WEC VAN GOGH,Container ship,4286.97,4785.7,199.40416666666667,21.498898802682994
9246683,CMA CGM PARANAGUA,Container ship,9434.1,4986.8,207.78333333333333,45.40354535974974
9246695,LUTETIA,Container ship,5079.873,2378.0,99.08333333333333,51.268693019343985
9246700,INDEPENDENT QUEST,Container ship,11574.76,5036.1,209.8375,55.1605885506642
9246712,INDEPENDENT FUTURE,Container ship,12620.53,5210.9,217.1208333333333,58.12675737396612
9248112,CMA CGM EIFFEL,Container ship,6213.0,3260.5,135.85416666666666,45.73286305781322
9248124,CMA CGM PUGET,Container ship,4920.8,3168.96,132.04,37.26749469857619
9248148,MSC PILAR VI,Container ship,14131.18,4848.3,202.01250000000002,69.95200792030195
9248162,PANDA 008,Container ship,22296.18,6469.1,269.54583333333335,82.71758358968017
9248916,MEHMET KAHVECI A,Container ship,639.34,926.12,38.58833333333333,16.568220101066817
9248954,MEDKON ANKARA,Container ship,2571.05,4844.02,201.83416666666668,12.738427999884394
9249233,EVER PRIDE,Container ship,2704.47857,1575.44,65.64333333333333,41.19959229167725
9250098,NOVA,Container ship,6175.83,6120.9,255.0375,24.215380091163066
9250995,DIMITRA C,Container ship,2574.71,870.2,36.25833333333333,71.01015858423351
9251705,MSC FLORENTINA,Container ship,13294.22,4609.7,192.07083333333333,69.21519404733496
9252242,MSC JOHANNESBURG V,Container ship,2806.67,1690.58,70.44083333333333,39.844361106839074
9252541,MSC MAGNUM VII,Container ship,8803.57,2946.8,122.78333333333335,71.70004072213926
9252773,ODYSSEY,Container ship,4050.07,4019.23,167.46791666666667,24.18415467639324
9252785,BF ESPERANZA,Container ship,413.13,754.19,31.424583333333334,13.146713692836022
9252802,CONESTE,Container ship,4458.54,4115.68,171.48666666666668,25.999339112856198
9253038,MSC CARPATHIA III,Container ship,2013.68,1466.3,61.09583333333333,32.9593671145059
9253727,TORONTO EXPRESS,Container ship,7950.12002,3606.15,150.25625,52.91041151366416
9253739,OOCL MONTREAL,Container ship,7835.1,4794.2,199.75833333333333,39.22289433064954
9253741,MONTREAL EXPRESS,Container ship,8270.546,4561.68,190.07000000000002,43.51315831009628
9254848,MSC ANSHIKA VI,Container ship,8671.12,3127.1,130.29583333333332,66.54948034920535
9255737,ENFORCER,Container ship,4345.07,4703.17,195.96541666666667,22.1726367535088
9255775,ENCOUNTER,Container ship,4231.24,4509.0,187.875,22.521570192947436
9255787,ENERGY,Container ship,4677.1,4594.58,191.44083333333333,24.431047016266994
9256315,MSC NORDEROOG F,Container ship,1264.01,1537.43,64.05958333333334,19.731786162622036
9256327,MSC SUEDEROOG F,Container ship,4762.22,4655.4,193.975,24.5506895218456
9256365,MED CESME,Container ship,2608.48,4075.69,169.82041666666666,15.360226121221192
9256391,MSC PAXI II,Container ship,1347.47,2187.85,91.16041666666666,14.781305848207145
9256418,MSC PROSPERITY II,Container ship,761.228,1132.0,47.166666666666664,16.139109540636042
9256470,MSC QINGDAO,Container ship,4737.914,1139.88,47.495000000000005,99.75605853247708
9260536,BURAK BAYRAKTAR,Container ship,591.44235,1133.0,47.208333333333336,12.528346337157988
9260902,PORTO GERMENO,Container ship,10832.805,4459.4,185.8083333333333,58.30096425528099
9260914,ADAMS,Container ship,9949.46,3330.96,138.79,71.68715325311622
9261449,MSC IKARIA VI,Container ship,10993.52,3927.9,163.6625,67.171893378141
9261451,PORTO KAGIO,Container ship,11819.833,4357.58,181.56583333333333,65.09943408956347
9261891,CMA CGM FORT ST PIERRE,Container ship,2743.4,3352.36,139.68166666666667,19.640372752329704
9261906,CMA CGM FORT STE MARIE,Container ship,4124.0,2620.16,109.17333333333333,37.77479237909135
9262118,XIN CHONG QING,Container ship,10666.76,4792.55,199.68958333333333,53.41670718093708
9262132,XIN NAN TONG,Container ship,11814.6093,5283.1,220.1291666666667,53.67125801139482
9262716,ARGUS,Container ship,8315.416,3517.3,146.55416666666667,56.739539988059015
9263332,MSC BANU III,Container ship,5475.49,3044.0,126.83333333333333,43.170749014454664
9265598,MED TEKIRDAG,Container ship,1207.31,1804.79,75.19958333333334,16.054743211121515
9266542,BF LETICIA,Container ship,1522.36,2754.36,114.765,13.265019823116804
9270476,XIN XIA MEN,Container ship,12968.8422,5553.48,231.39499999999998,56.04633721558374
9275048,GARDINER,Container ship,1811.82,1480.8,61.699999999999996,29.364991896272286
9275103,SC MEDFORD,Container ship,3378.53,4190.7,174.61249999999998,19.34872932922901
9275115,SC MARIGOT,Container ship,467.28,403.6,16.816666666666666,27.786719524281466
9275373,MSC GRENADA III,Container ship,2266.92,1732.7,72.19583333333334,31.399596006233043
9277383,TINA,Container ship,2694.1,2971.8,123.825,21.757318796688875
9277395,CANDELARIA B,Container ship,5625.16,6318.2,263.2583333333333,21.367452755531637
9277400,MACARENA B,Container ship,5623.85,6222.08,259.25333333333333,21.692488685455668
9278090,YM FOUNTAIN,Container ship,6519.55,2272.67,94.69458333333334,68.84818297421094
9278105,TONGALA,Container ship,7242.82,3390.93,141.28875,51.262538595606514
9278143,MSC ELENI,Container ship,11764.09,5120.5,213.35416666666666,55.138787227809786
9279965,MSC FABIENNE,Container ship,11330.25,4620.2,192.50833333333333,58.855893684256095
9279977,MSC POH LIN,Container ship,11349.54,4422.8,184.28333333333333,61.58744686623859
9280598,PANDA 007,Container ship,17931.22,6502.12,270.9216666666667,66.18599472172153
9280603,CMA CGM CHOPIN,Container ship,9127.1,5707.43,237.80958333333334,38.37986624452687
9280615,CMA CGM MOZART,Container ship,2539.8,1680.78,70.0325,36.26601934815979
9280641,GSL CHRISTEL ELISABETH,Container ship,1166.7,618.37,25.765416666666667,45.28162750456846
9281267,MSC ORNELLA,Container ship,15365.18,5175.8,215.65833333333333,71.24779164573593
9281279,MSC LISA,Container ship,3320.78,1402.3,58.42916666666667,56.83428652927334
9282259,MSC ELA,Container ship,15177.59,5349.2,222.88333333333333,68.0965677110596
9282261,MSC ANS,Container ship,2483.52,1146.7,47.77916666666667,51.97914014127496
9283186,MAERSK MONTE LINZOR,Container ship,2807.46391,803.04,33.46,83.90507800358637
9283198,MAERSK MONTE OLIVIA,Container ship,3230.16899,989.6,41.233333333333334,78.33877906224737
9283203,MAERSK MONTE PASCOAL,Container ship,8197.863,2679.31,111.63791666666667,73.43260466314088
9283215,MAERSK MONTE ROSA,Container ship,4376.394783,2142.2,89.25833333333333,49.030657637942305
9283227,MAERSK MONTE ALTO,Container ship,8935.8,3242.45,135.10208333333333,66.14109700997702
9283693,AS PALINA,Container ship,3365.32,2158.6,89.94166666666666,37.416696006670996
9285471,MSC TIANJIN,Container ship,13765.42,3658.64,152.44333333333333,90.29860275949534
9285677,GSL ELENI,Container ship,9039.9,3365.58,140.2325,64.46365856702262
9285990,AMERICA,Container ship,5766.55,1420.5,59.1875,97.4285110876452
9286009,SEASPAN OCEANIA,Container ship,16982.64,4628.1,192.8375,88.06710313087443
9286231,MSC EVEREST VIII,Container ship,15425.04,4682.6,195.10833333333335,79.05884764874214
9286449,MSC HOGGAR,Container ship,2160.57571,3884.97,161.87375,13.347288921149971
9286786,AS PETRONIA,Container ship,4349.97,3045.8,126.90833333333335,34.2764725195351
9287687,SANTUCA B,Container ship,6009.7,6492.7,270.52916666666664,22.214610254593623
9287704,RS LISA,Container ship,2721.19,3528.84,147.035,18.507090148604075
9287716,FENJA,Container ship,2244.25,3020.97,125.87374999999999,17.829372684932324
9287792,WEC VAN RUYSDAEL,Container ship,3019.03,4412.09,183.83708333333334,16.422312328171003
9287807,VOHBURG,Container ship,3577.266,4079.92,169.99666666666667,21.043153787329164
9287924,MSC VERACRUZ V,Container ship,4153.84,1514.9,63.12083333333334,65.80774968644795
9288394,PL GERMANY,Container ship,9176.26,3851.93,160.49708333333334,57.17399848906911
9289087,MSC BUSAN,Container ship,4533.64,1003.7,41.82083333333333,108.40625684965629
9289099,MSC BEIJING,Container ship,13153.71,3615.3,150.63750000000002,87.32028877271594
9289104,MSC LUCY,Container ship,4350.21,1460.81,60.86708333333333,71.47064984494904
9289128,MSC MAEVA,Container ship,1601.16,522.5,21.770833333333332,73.5461052631579
9289544,MSC BARBADOS,Container ship,1542.43,743.1,30.962500000000002,49.81606782398062
9289960,MSC MANZANILLO V,Container ship,4684.08,1969.87,82.07791666666667,57.0686999649723
9289972,MSC TUXPAN V,Container ship,10358.3,3618.0,150.75,68.71177446102818
9290414,OOCL ST. LAWRENCE,Container ship,6492.05,3212.2,133.84166666666667,48.50544797957786
9290426,MSC SANTA MARIA,Container ship,3781.14,1664.35,69.34791666666666,54.52420464445579
9290488,MSC NIOVI VIII,Container ship,19485.28,4595.2,191.46666666666667,101.76852367688022
9290531,MSC PAMELA,Container ship,6024.88,1613.5,67.22916666666667,89.61705608924697
9290543,MSC SUSANNA,Container ship,19295.01,4464.5,186.02083333333334,103.7249949602419
9290787,PANDA 001,Container ship,24874.57,6830.8,284.6166666666667,87.3967441588101
9290816,ONTARIO EXPRESS,Container ship,5648.783,3026.56,126.10666666666667,44.793690526538384
9292149,API BHUM,Container ship,8582.47671,4018.4,167.43333333333334,51.25906854469441
9292436,AS FREYA,Container ship,351.07,651.1,27.129166666666666,12.940684994624482
9292448,MATILDE A,Container ship,1606.08,1751.25,72.96875,22.010518201284796
9293167,MSC RONIT R,Container ship,13267.13,4168.1,173.67083333333335,76.39238981790263
9293179,MSC MIRELLA R,Container ship,12552.39,3597.8,149.90833333333333,83.73377063761187
9293753,CONTI CORTESIA,Container ship,3508.32,700.6,29.191666666666666,120.18224379103626
9293777,MSC NEW HAVEN,Container ship,9115.16,2176.5,90.6875,100.51175740868366
9293789,CONTI COURAGE,Container ship,6649.89,1604.1,66.83749999999999,99.49339816719657
9293791,CONTI CHIVALRY,Container ship,8111.54,2079.2,86.63333333333333,93.63070411696808
9293820,CONTI CRYSTAL,Container ship,2305.94,884.8,36.86666666666667,62.54810126582279
9294020,JPO GEMINI,Container ship,5115.67,3864.7,161.02916666666667,31.768592646259737
9294161,MAERSK JALAN,Container ship,1278.904,661.85,27.577083333333334,46.37560776611014
9294379,LARS MAERSK,Container ship,12071.0075,4646.9,193.6208333333333,62.34353655124923
9294381,MAERSK NOMAZWE,Container ship,10927.823065,4065.83,169.40958333333333,64.50534172850317
9294393,MAERSK NOKWANDA,Container ship,13621.2655,4596.1,191.5041666666667,71.12777615804703
9294812,PANDA 009,Container ship,23082.72,6781.1,282.54583333333335,81.69548893247408
9294836,QUEBEC EXPRESS,Container ship,7825.639,4080.52,170.02166666666668,46.0273043631694
9294991,MSC MUMBAI VIII,Container ship,11777.01,3147.7,131.15416666666667,89.79516472344886
9295165,MSC DAISY,Container ship,6135.0,2332.7,97.19583333333333,63.119989711493126
9295177,MSC TRACY V,Container ship,6931.11,2841.4,118.39166666666667,58.543900893925525
9295218,CMA CGM NINGBO,Container ship,8591.6,3111.25,129.63541666666666,66.27509843310567
9295268,CHICAGO EXPRESS,Container ship,4889.35,1200.8,50.03333333333333,97.72185209860095
9295373,SANTA VIOLA,Container ship,4471.63,1677.0,69.875,63.99470483005367
9295385,MSC MARTA,Container ship,10373.1,3148.5,131.1875,79.07079561696047
9295517,EA BARU,Container ship,739.52,1398.88,58.28666666666667,12.687635822944069
9295529,AVILA,Container ship,4996.15,5373.97,223.9154166666667,22.312666427240938
9295531,LYNN,Container ship,3963.68,4985.47,207.7279166666667,19.08111371646003
9295957,CHACABUCO,Container ship,13099.94,5580.65,232.5270833333333,56.33726537231327
9295969,CMA CGM SAMBHAR,Container ship,17290.45,5540.11,230.83791666666664,74.90298929082637
9295971,CMA CGM AMERICA,Container ship,16766.4,5187.65,216.1520833333333,77.56760768363326
9297577,KARLA A,Container ship,1013.28,1014.67,42.27791666666666,23.967122315629712
9297589,ALANA,Container ship,2924.38,3829.17,159.54875,18.329068701572403
9297591,BIANCA RAMBOW,Container ship,3441.03,3520.42,146.68416666666667,23.4587691241386
9297618,BF CARODA,Container ship,887.16,1282.76,53.44833333333333,16.598459571548847
9297840,JPO LIBRA,Container ship,6599.331,2965.3,123.55416666666667,53.412452028462546
9297852,JPO PISCES,Container ship,8967.253,3488.0,145.33333333333334,61.701282110091746
9297864,MSC ANYA V,Container ship,6051.62,2550.2,106.25833333333333,56.95195670927771
9297876,MSC BHAVYA V,Container ship,10059.07,3858.3,160.76250000000002,62.570997589612
9298636,INDEPENDENT PRIMERO,Container ship,12846.88,5300.88,220.87,58.16489337619414
9298686,MAERSK IOWA,Container ship,10844.947999,4095.73,170.65541666666667,63.548806189861146
9298698,MAERSK OHIO,Container ship,12708.49187,4631.55,192.98125000000002,65.85350581986592
9299020,MSC PORTO III,Container ship,1185.76,1319.1,54.9625,21.57398226063225
9299032,MSC FALCON III,Container ship,617.32,567.5,23.645833333333332,26.106925110132163
9299044,MAERSK DURBAN,Container ship,2285.171305,1885.68,78.57000000000001,29.084527236858847
9299484,MARTHA A,Container ship,990.82,507.01,21.125416666666666,46.90179680874145
9299501,ENERGIZER,Container ship,4765.46,3759.45,156.64374999999998,30.422279854765993
9299525,MSC TORONTO,Container ship,13241.11,3899.28,162.47,81.49879977842063
9299549,MSC JUDITH,Container ship,1313.44,402.4,16.766666666666666,78.33638170974156
9299630,CMA CGM NABUCCO,Container ship,3461.2,1533.57,63.89875,54.16694379780512
9299642,CMA CGM FIDELIO,Container ship,10128.7,2634.93,109.78875,92.2562648723116
9299795,CMA CGM LA TRAVIATA,Container ship,1482.569572,460.47,19.18625,77.27250358981041
9300415,EVER SMILE,Container ship,5476.494,1503.6,62.65,87.41411013567438
9300659,GABRIEL A,Container ship,1600.6,2344.51,97.68791666666668,16.384830945485408
9300805,OOCL EUROPE,Container ship,13925.653001,5089.1,212.04583333333335,65.6728443190348
9300972,MSC CLARITA III,Container ship,6119.9,3858.1,160.75416666666666,38.06993079495088
9301081,CHS  ALPHA,Container ship,3836.58,5246.52,218.60500000000002,17.550284760183892
9301108,FAITH,Container ship,4498.05,5594.4,233.1,19.296653796653796
9301122,EAGLE II,Container ship,5185.14,5593.72,233.0716666666667,22.246976967027308
9301201,MASTERY D,Container ship,1340.43,1537.76,64.07333333333334,20.92024763292061
9301328,MSC DORINE V,Container ship,3813.99,1336.9,55.70416666666667,68.46866631760041
9301433,CMA CGM MALTA,Container ship,3534.8,3765.62,156.90083333333334,22.528879706396292
9301445,MARSA PRIDE,Container ship,990.55,513.26,21.385833333333334,46.318045435062146
9301457,HSL NIKE,Container ship,5538.27,3147.9,131.1625,42.224492518822075
9301483,MSC PARIS,Container ship,17110.29,4856.3,202.34583333333333,84.55963593682434
9301495,MSC DORADO VIII,Container ship,3052.394,860.3,35.84583333333333,85.1533837033593
9301562,SALGUEIRO,Container ship,728.322,1013.28,42.22,17.25063950734249
9301823,RIO GRANDE EXPRESS,Container ship,2800.77,971.5,40.479166666666664,69.1904065877509
9301926,LUCIE SCHULTE,Container ship,4926.64,2409.24,100.38499999999999,49.07745181052947
9301988,RITA,Container ship,5451.01,4449.2,185.38333333333333,29.403991728850134
9302085,MSC ANAHITA,Container ship,9808.79,3603.2,150.13333333333333,65.33385879218473
9302138,ONE HANNOVER,Container ship,13920.57604,4226.67,176.11125,79.04421801560093
9302140,ONE HUMBER,Container ship,10546.1,3082.15,128.42291666666668,82.12007851661988
9302152,ONE HARBOUR,Container ship,7237.34422,2154.58,89.77416666666666,80.6172252968096
9302164,ONE HUMEN,Container ship,10407.074,3287.5,136.97916666666666,75.97559726235743
9302176,ONE HENRY HUDSON,Container ship,11042.36401,3540.9,147.5375,74.84445656189104
9302243,SVEN-D,Container ship,4610.8,3808.22,158.67583333333332,29.057985095398905
9302255,SPIRIT,Container ship,3760.68,3729.76,155.40666666666667,24.198961863497917
9302449,MSC EAGLE III,Container ship,3235.45,2866.88,119.45333333333333,27.0854727090077
9302877,GUDRUN MAERSK,Container ship,6738.7,1553.95,64.74791666666667,104.07593551916084
9302944,MARGARETE SCHULTE,Container ship,6947.23,3869.2,161.21666666666667,43.092504910575826
9303522,MAERSK STRALSUND,Container ship,13083.83,2910.75,121.28125,107.88007214635404
9303766,BSG BONAIRE,Container ship,7735.48,5425.76,226.07333333333335,34.2166848515231
9303780,CMA CGM NAVEGANTES,Container ship,2337.3,1638.77,68.28208333333333,34.23006279099569
9303807,STANLEY A,Container ship,3352.5,2313.77,96.40708333333333,34.7744157803066
9304411,MSC ESTHI,Container ship,16926.27,3901.8,162.57500000000002,104.11360910349069
9304423,MSC MARIA ELENA,Container ship,12370.12,3065.1,127.71249999999999,96.8591171576784
9304435,MSC JOANNA,Container ship,6703.44,1920.9,80.03750000000001,83.75374043417146
9304447,MSC ROMA,Container ship,14084.3969,3100.0,129.16666666666666,109.04049212903226
9304459,MSC LISBON IX,Container ship,7133.94,1830.1,76.25416666666666,93.5547565706792
9304734,MSC AGATA III,Container ship,2857.599,1935.21,80.63375,35.43924225277877
9304746,MSC ANTWERP III,Container ship,3247.68,2640.2,110.00833333333333,29.522127111582456
9304758,CHIQUITA EXPRESS,Container ship,6629.41,3675.9,153.1625,43.28350608014364
9304760,CHIQUITA TRADER,Container ship,8252.404,4428.6,184.525,44.72241701666441
9305001,MSC ULSAN III,Container ship,801.79,557.9,23.245833333333334,34.49177271912529
9305300,MAERSK UTAH,Container ship,6971.956,3320.95,138.37291666666667,50.38526445745946
9305312,MAERSK MONTANA,Container ship,13254.78343,4632.95,193.03958333333333,68.66355180176777
9305489,MSC TIANPING,Container ship,10097.59,2393.8,99.74166666666667,101.23743002757122
9305570,SHANGHAI,Container ship,4548.15,750.53,31.27208333333333,145.43802379651711
9305594,YANTIAN,Container ship,7053.981,1492.6,62.19166666666666,113.42325070347046
9305647,HYUNDAI SHANGHAI,Container ship,7596.07,2699.82,112.4925,67.52512389714869
9305673,HYUNDAI TOKYO,Container ship,9851.7,2257.23,94.05125,104.74820908813015
9305685,HYUNDAI SINGAPORE,Container ship,8217.49,2135.98,88.99916666666667,92.3322128484349
9305702,MSC MADELEINE,Container ship,18341.67,4649.7,193.73749999999998,94.6727917930189
9305714,MSC INES,Container ship,20682.07,5143.1,214.29583333333335,96.51176916645602
9305879,MERATUS JAYAKARTA,Container ship,1406.067,1065.28,44.38666666666666,31.677688495043558
9305881,MERATUS JAYAWIJAYA,Container ship,4348.294,3089.2,128.71666666666667,33.7819034054124
9305893,MARGUERITE A,Container ship,4005.24,3144.74,131.03083333333333,30.56715658528209
9305908,HILDE A,Container ship,3586.91,3258.38,135.76583333333335,26.4198282582142
9305934,MEDKON SAMSUN,Container ship,1203.07,3564.8,148.53333333333333,8.099663375224416
9306005,ARNARFELL,Container ship,6021.44,5207.91,216.99625,27.74905096286226
9306017,HELGAFELL,Container ship,6479.62,5097.08,212.37833333333333,30.509797766564386
9306067,MSC CALISTA II,Container ship,4302.6,4267.42,177.80916666666667,24.197852566656202
9306158,CHENNAI EXPRESS,Container ship,12797.87,5135.9,213.9958333333333,59.80429525496993
9306172,MAERSK PUELO,Container ship,14524.593,4026.91,167.78791666666666,86.56519067970231
9306201,ANNABA,Container ship,3327.62,3526.78,146.94916666666668,22.644701399009858
9306213,MSC GAETA II,Container ship,3760.07,2990.65,124.61041666666667,30.174604183037133
9306225,AVA D,Container ship,4059.56,4931.5,205.47916666666666,19.756552772989963
9306237,MSC ANZIO II,Container ship,5348.09,4302.7,179.27916666666667,29.83107351198085
9306249,MEDKON SIA,Container ship,229.97,418.33,17.430416666666666,13.19360313627997
9306251,MAUREN,Container ship,2557.01,3228.0,134.5,19.011226765799258
9306550,MAERSK SEOUL,Container ship,13191.93,3375.98,140.66583333333332,93.78204847185114
9306835,BILBAO TRADER,Container ship,2452.69,4228.37,176.18208333333334,13.921336117700202
9307279,SCORPIUS,Container ship,1343.556,626.8,26.116666666666664,51.44439055520103
9307401,KOTA KAYA,Container ship,511.69,484.8,20.2,25.33118811881188
9307413,KOTA KAMIL,Container ship,441.39,492.5,20.520833333333332,21.50936040609137
9307425,KOTA KARIM,Container ship,733.53,723.3,30.1375,24.33944421401908
9307839,MSC NAISHA III,Container ship,8206.45,5797.7,241.57083333333333,33.97119547406731
9308027,SPRING C,Container ship,6463.0,2251.9,93.82916666666667,68.88050091034238
9308194,EMMA A,Container ship,846.59,518.43,21.601249999999997,39.19171344250912
9308390,AS CONSTANTINA,Container ship,4271.91,3245.1,135.2125,31.594046408431172
9308429,GSL ELIZABETH,Container ship,4885.96,3312.78,138.0325,35.39717095611541
9308584,MSC NINA F,Container ship,2506.91,2681.9,111.74583333333334,22.434035571796112
9308596,MEDKON ANA,Container ship,1465.0,3397.83,141.57625,10.34778078950389
9308601,MSC TALIA F,Container ship,4000.89,5210.68,217.11166666666668,18.427798291201913
9308613,MEDKON FUN,Container ship,1772.67,2093.64,87.235,20.320628188227204
9308625,MSC LUNA F,Container ship,3027.71,4248.8,177.03333333333333,17.10248540764451
9309409,AS CARELIA,Container ship,10499.0,4510.1,187.92083333333335,55.86927119132613
9309411,MSC HARMONY III,Container ship,4516.75,4353.0,181.375,24.902825637491386
9309447,MSC RANIA VIII,Container ship,11109.42,2775.2,115.63333333333333,96.07454597866821
9309461,MSC TOMOKO,Container ship,16369.39,4384.43,182.68458333333334,89.604660126858
9309473,MSC HEIDI,Container ship,10817.71,2689.4,112.05833333333334,96.53641704469398
9311701,MAERSK KANSAS,Container ship,12885.5846,4727.72,196.98833333333334,65.41293274559406
9311763,LORRAINE,Container ship,5324.51,2840.75,118.36458333333333,44.98397958285664
9311787,HUTTON,Container ship,3350.5,2636.3,109.84583333333335,30.50183969957895
9311830,SC MONTREAL,Container ship,1504.48,681.0,28.375,53.02132158590308
9311880,LETO,Container ship,8778.24,4328.7,180.36249999999998,48.66998405987941
9312195,CT ENDEAVOR,Container ship,4048.972,3899.21,162.46708333333333,24.921799031085786
9312200,ENDURANCE,Container ship,4483.64,4526.32,188.59666666666666,23.773696954700508
9312212,ENSEMBLE,Container ship,4200.55,4188.79,174.53291666666667,24.06737984000153
9312559,XIN CHANG SHA,Container ship,7530.61,3370.17,140.42375,53.62775171578881
9312573,XIN WEI HAI,Container ship,10764.23,4731.2,197.13333333333333,54.603804531619886
9312640,ELBELLA,Container ship,3335.52,2435.58,101.4825,32.867932894834084
9312781,NYK VEGA,Container ship,13838.27779,4670.78,194.6158333333333,71.1056112597896
9312793,NYK VENUS,Container ship,11035.7,3527.95,146.99791666666667,75.07385308748707
9312808,NYK VESTA,Container ship,4233.975,1320.3,55.012499999999996,76.96387184730744
9312810,NYK VIRGO,Container ship,16456.86,4817.39,200.72458333333336,81.98726696406145
9312975,NYK OCEANUS,Container ship,15876.2,5535.64,230.65166666666667,68.83193271238737
9312987,ONE OLYMPUS,Container ship,10653.45,2735.4,113.97500000000001,93.471813994297
9312999,NYK ORION,Container ship,13589.591992,4429.03,184.54291666666666,73.63919589797315
9313008,ONE ORPHEUS,Container ship,11422.66,3521.0,146.70833333333334,77.85965350752626
9313228,MSC VULCANO II,Container ship,3904.438,4224.78,176.0325,22.180211040574896
9313929,MSC RITA V,Container ship,12978.04,5834.9,243.1208333333333,53.381027952492765
9313943,MSC LEANDRA V,Container ship,14635.96,4419.9,184.1625,79.47307405144913
9313955,MAERSK BROWNSVILLE,Container ship,8924.344,3671.12,152.96333333333334,58.34302774085292
9313967,MSC BREMERHAVEN V,Container ship,9129.76,3383.8,140.99166666666667,64.75389798451445
9314210,MAERSK TENNESSEE,Container ship,12126.758867,4531.67,188.81958333333333,64.22405267991712
9314973,MONTPELLIER,Container ship,5851.53,5298.4,220.76666666666665,26.50549599879209
9315006,WEC VAN RIJN,Container ship,3802.86,4021.22,167.55083333333332,22.696753721507406
9315018,WEC DE HOOGH,Container ship,5141.42,4877.9,203.2458333333333,25.296557945017327
9315020,AKACIA,Container ship,3576.18,3966.2,165.25833333333333,21.639937471635317
9315032,BALTIC SHARK,Container ship,4091.345,6478.45,269.93541666666664,15.1567550880226
9315197,MAERSK SELETAR,Container ship,1735.853667,478.8,19.95,87.01020887218046
9315214,MAERSK SERANGOON,Container ship,12159.457,5502.2,229.25833333333333,53.03823343389917
9315226,MAERSK SEMBAWANG,Container ship,9831.53758,4245.53,176.8970833333333,55.577725730356406
9315240,MAERSK SENANG,Container ship,3856.520065,1274.22,53.0925,72.6377560860762
9315379,MSC ARCHIMIDIS VIII,Container ship,3707.65,869.9,36.24583333333333,102.29175767329579
9315812,AS CYPRIA,Container ship,1366.74,854.9,35.62083333333333,38.36911919522752
9315824,ODYSSEUS,Container ship,8834.02,3659.4,152.475,57.93749795048369
9315850,IRENES REMEDY,Container ship,8492.37,4870.25,202.92708333333334,41.849367075612136
9315927,SASKIA A,Container ship,1076.04,687.0,28.625,37.59091703056768
9315953,CMA CGM SYDNEY,Container ship,7844.3,5517.17,229.88208333333333,34.12314646820744
9316098,HAMBURG TRADER,Container ship,1424.026,1663.75,69.32291666666667,20.541922764838468
9316103,SONATA,Container ship,2346.34,2928.2,122.00833333333333,19.230981490335363
9316347,MSC HANNAH,Container ship,6146.47,5028.3,209.51250000000002,29.337008531710516
9316359,MSC SPRING III,Container ship,6690.84,4151.5,172.97916666666666,38.680033722750814
9317925,MSC TAMPA,Container ship,14460.3,5284.6,220.1916666666667,65.67142262422888
9317963,CMA CGM BLUE WHALE,Container ship,7146.7,2730.73,113.78041666666667,62.81133616285755
9318046,MSC TOKYO,Container ship,10524.82,2574.9,107.28750000000001,98.09921938716066
9318058,MSC TEXAS,Container ship,11507.21,3101.9,129.24583333333334,89.03350849479351
9318060,BELITA,Container ship,11922.5,3494.5,145.60416666666666,81.88295893547003
9318113,ORCA I,Container ship,9802.17,4399.87,183.32791666666665,53.46796155340954
9318175,MSC KILIMANJARO IV,Container ship,5115.51,2236.43,93.18458333333332,54.89652705427848
9318187,MSC CAGLIARI IV,Container ship,6901.31,2624.9,109.37083333333334,63.100095241723494
9318266,SSF LILY,Container ship,2675.43,2790.47,116.26958333333333,23.010575279433212
9318319,MAERSK MAKUTU,Container ship,9686.575201,4795.13,199.79708333333335,48.48206510021625
9318761,RMS ROSE,Container ship,1456.73,2198.86,91.61916666666667,15.899839007485696
9318773,MSC ELKE F,Container ship,3310.01,5867.4,244.475,13.539257592800901
9319105,YM INVENTIVE,Container ship,2029.53,3198.97,133.29041666666666,15.226375989771709
9319557,PROS HOPE,Container ship,880.637,1122.09,46.75375,18.83564419966313
9319571,MITO,Container ship,3947.75,3897.9,162.4125,24.30693450319403
9319600,MSC AMANDA F,Container ship,2240.07,3434.58,143.1075,15.653058015827265
9319868,CARLA,Container ship,1686.35,2740.33,114.18041666666666,14.769170136443421
9320013,OEL SURYA,Container ship,1434.61,1424.2,59.34166666666667,24.175424799887654
9320025,MSC ROSSELLA III,Container ship,3985.17,3421.89,142.57874999999999,27.95065884642698
9320049,STADT DRESDEN,Container ship,3397.45,2761.6,115.06666666666666,29.52592699884125
9320142,ELISABETH P.,Container ship,6953.82,4616.9,192.3708333333333,36.14799540817432
9320398,MSC LAUSANNE VI,Container ship,10952.24,4049.4,168.725,64.91177952289227
9320403,MSC LORENA,Container ship,5383.28,2069.4,86.22500000000001,62.432937083212515
9320427,JOLLY BIANCO,Container ship,2322.765,1161.96,48.415,47.97614375710007
9320439,MSC LEIGH,Container ship,8353.29,3743.6,155.98333333333332,53.55245218506251
9320441,JOLLY VERDE,Container ship,3222.06,1594.09,66.42041666666667,48.51008412323018
9320453,MSC ROSARIA,Container ship,10612.42,3801.2,158.38333333333333,67.00465116279071
9320697,OSAKA EXPRESS,Container ship,5183.6,1246.2,51.925000000000004,99.82859894077997
9321237,MOL CREATION,Container ship,3933.8,2000.57,83.35708333333334,47.1921502371824
9321483,EMMA MAERSK,Container ship,30564.897999,5871.28,244.63666666666666,124.93997083702362
9321495,ESTELLE MAERSK,Container ship,22010.182741,4210.07,175.41958333333332,125.47163961264303
9321500,ELEONORA MAERSK,Container ship,25622.914819,4831.43,201.30958333333334,127.28114774631942
9321512,EVELYN MAERSK,Container ship,25213.027869,4856.45,202.35208333333333,124.59979385271136
9321524,EBBA MAERSK,Container ship,22250.75742,4650.65,193.7770833333333,114.8265679163128
9321536,ELLY MAERSK,Container ship,22715.966,4861.87,202.57791666666665,112.13446348832858
9321548,EDITH MAERSK,Container ship,27313.290999,5019.27,209.13625000000002,130.6004626122922
9321550,EUGEN MAERSK,Container ship,23906.135228,4636.25,193.17708333333334,123.75243903413318
9321902,CMA CGM ISKENDERUN,Container ship,6093.0,5778.55,240.77291666666667,25.306002370836975
9322009,SAGAMORE,Container ship,2325.54,1944.0,81.0,28.71037037037037
9322011,MSC YOSHEEN,Container ship,6029.11,5675.82,236.49249999999998,25.493874012917956
9322322,SHEKOU STAR,Container ship,3633.37,2104.87,87.70291666666667,41.4281547078917
9322334,VANCOUVER STAR,Container ship,3925.5,2145.16,89.38166666666666,43.918402356933754
9322463,CMA CGM MARLIN,Container ship,6475.4,3516.14,146.50583333333333,44.19892268225952
9322475,CMA CGM BARRACUDA,Container ship,9642.3,5245.85,218.57708333333335,44.11395674676172
9322487,CMA CGM DOLPHIN,Container ship,1576.0,754.65,31.443749999999998,50.12124826078315
9322499,CMA CGM MANTA RAY,Container ship,3658.6,1615.31,67.30458333333333,54.358853718481285
9322516,HAIAN GAMA,Container ship,4364.654,1877.2,78.21666666666667,55.802096739825274
9322542,RANGER,Container ship,4658.73,4379.9,182.4958333333333,25.52787049932647
9322566,RIDER,Container ship,5916.88,6092.14,253.83916666666667,23.309562813723915
9322578,DREAM,Container ship,6059.0,5868.8,244.53333333333333,24.7778080697928
9323039,CMA CGM ALIAGA,Container ship,2300.4,1668.1,69.50416666666666,33.097296325160364
9323467,FINE SCHEPERS,Container ship,4391.99,5485.64,228.56833333333336,19.215216456056172
9323479,SAMSKIP EXPRESS,Container ship,3784.872,4621.6,192.5666666666667,19.6548658473256
9323481,CMA CGM ABIDJAN,Container ship,3407.2,4444.35,185.18125,18.39927098450842
9323493,MSC IRA II,Container ship,2149.55,2819.59,117.48291666666667,18.29670271209644
9323508,HMM COLOMBO,Container ship,7292.19,2500.1,104.17083333333333,70.00222391104356
9323522,HMM JAKARTA,Container ship,5823.03,2286.7,95.27916666666665,61.115458958324226
9324174,SC MEMPHIS,Container ship,2511.21,2661.9,110.91250000000001,22.64136143356249
9324837,NAVIOS VERMILION,Container ship,9659.12,4423.56,184.31500000000003,52.40550145131975
9324851,NAVIOS AZURE,Container ship,6590.06,3874.28,161.42833333333334,40.82344074253797
9324978,CONTSHIP ONO,Container ship,1971.51,1892.88,78.87,24.99695701787752
9326706,MSC ESHA III,Container ship,4232.408,2010.2,83.75833333333334,50.53118694657248
9326768,MSC NISHA V,Container ship,1237.65,560.2,23.34166666666667,53.02320599785791
9326770,CMA CGM JAMAICA,Container ship,5793.14,2950.17,122.92375,47.127914662544875
9326940,WEC CORNEILLE,Container ship,4506.48,4646.9,193.6208333333333,23.27476812498655
9326952,TROUPER,Container ship,3511.95,4054.28,168.92833333333334,20.7895853271111
9326964,WEC FRANS HALS,Container ship,4932.97,5508.57,229.52374999999998,21.49219851976103
9326976,ELI A,Container ship,4691.27,5350.62,222.9425,21.042510961346537
9326988,CT DANIEL,Container ship,1401.196,1583.0,65.95833333333333,21.243653821857233
9326990,ELBIA,Container ship,4470.88,4832.89,201.37041666666667,22.20226820804943
9327578,BALLATA,Container ship,4348.85,5231.45,217.97708333333333,19.950950501295054
9327580,KANTATA,Container ship,2271.09,2894.93,120.62208333333332,18.828144376547968
9328027,JORK RULER,Container ship,4677.28,5189.42,216.22583333333333,21.63145785078101
9328039,MEANDI,Container ship,6397.66,6579.98,274.1658333333333,23.33500101824018
9328041,MIRROR,Container ship,5632.283,5859.53,244.1470833333333,23.069220910209527
9328053,PANDA 002,Container ship,4066.34,4320.0,180.0,22.590777777777777
9328481,GERHARD SCHULTE,Container ship,9785.6,5652.2,235.50833333333333,41.55097130320937
9328625,EDITH,Container ship,2634.62,3912.64,163.02666666666667,16.16066901120471
9328637,FREDERIK,Container ship,3931.598,4417.9,184.07916666666665,21.35819099572195
9328649,ALEXANDER B,Container ship,4259.69,4614.97,192.2904166666667,22.152378021958967
9328651,AQUARIUS,Container ship,2086.06,2812.05,117.16875,17.803893956366352
9329526,OOCL KOBE,Container ship,10380.540999,5417.6,225.73333333333335,45.985857940047254
9329629,MAERSK INCHEON,Container ship,1451.29,703.4,29.308333333333334,49.51799829400057
9329643,MSC RABAT IV,Container ship,750.65,430.1,17.920833333333334,41.88700302255289
9330226,MSC ABIGAIL F,Container ship,4718.94,5137.7,214.07083333333333,22.043825057905288
9330238,MSC CHARLOTTE,Container ship,2652.64,3637.1,151.54583333333332,17.50387946440846
9330264,MSC LEVANTE F,Container ship,1123.7,1610.5,67.10416666666667,16.745606954362
9330513,MSC LEVINA III,Container ship,3051.71,2153.9,89.74583333333334,34.00391847346673
9330525,GSL LALO,Container ship,3845.3,1766.5,73.60416666666667,52.24296631757713
9330549,AS CLAUDIA,Container ship,10318.85,4553.6,189.73333333333335,54.3860681658468
9330848,ATLANTIC GENEVA,Container ship,2362.379,2858.18,119.09083333333332,19.83678284782624
9330850,ATLANTIC EXPRESS,Container ship,3073.006,3488.1,145.3375,21.143930506579512
9330903,CASABLANCA A,Container ship,1059.28,2018.99,84.12458333333333,12.59180085092051
9330915,CAPT. KATTELMANN,Container ship,1939.27,2034.18,84.75750000000001,22.88021708993304
9330927,GFS SAPPHIRE,Container ship,1931.88,1782.71,74.27958333333333,26.008223435107226
9330939,TANGER A,Container ship,1486.43,2603.58,108.4825,13.702025672343465
9332511,MAERSK TANJONG,Container ship,5798.61001,1711.62,71.3175,81.30697248220984
9332688,MAERSK ROUBAIX,Container ship,494.163,815.6,33.983333333333334,14.54133398724865
9332717,LILA CANADA,Container ship,1186.6,1241.78,51.740833333333335,22.93353089919309
9332846,BRIGHTON,Container ship,7700.42,4701.33,195.88875,39.31016967538973
9332858,SUAPE EXPRESS,Container ship,13937.78,5025.2,209.38333333333333,66.56585210538884
9332860,BF HAMBURG,Container ship,2878.02,1242.1,51.75416666666666,55.60943563320184
9332975,MAERSK CHICAGO,Container ship,3071.844,742.97,30.957083333333333,99.229115576672
9332987,MAERSK COLUMBUS,Container ship,13723.957309,4536.43,189.01791666666668,72.60664783012191
9333008,MAERSK HARTFORD,Container ship,4972.625875,1469.1,61.2125,81.23546457014498
9333010,MAERSK KENSINGTON,Container ship,2559.074,748.2,31.175,82.08737770649559
9333345,BEATE,Container ship,3075.16,3690.0,153.75,20.0010406504065
9333357,ANDREA,Container ship,3801.38,3950.1,164.5875,23.09640768588137
9333371,HELLE RITSCHER,Container ship,5030.468,2862.3,119.2625,42.179796667016035
9333383,JONNI RITSCHER,Container ship,6241.605,3744.0,156.0,40.01028846153846
9333395,VALDIVIA,Container ship,5755.39,5245.9,218.57916666666665,26.330917478411717
9333838,MOL EXPERIENCE,Container ship,852.5,661.07,27.544583333333335,30.949823770553795
9333852,MOL ENDOWMENT,Container ship,6064.48632,2973.02,123.87583333333333,48.95616971295181
9334155,ANL WYONG,Container ship,6040.8,3307.87,137.82791666666665,43.828566418873784
9334351,EM KEA,Container ship,10991.909,5581.48,232.56166666666664,47.26449185520687
9334375,INDEPENDENT HORIZON,Container ship,13505.14,5994.52,249.77166666666668,54.06994388207896
9334387,PORT GDYNIA,Container ship,7953.52,4133.5,172.22916666666666,46.179866940849166
9334686,MAERSK TUKANG,Container ship,18868.843216,5023.93,209.33041666666668,90.13904198187475
9334818,UAFL RACER,Container ship,3184.63,2661.77,110.90708333333333,28.714396811144464
9334832,MSC EMILIE,Container ship,2252.29,3523.9,146.82916666666668,15.339527228354946
9335197,CMA CGM ALCAZAR,Container ship,9417.1,5100.01,212.50041666666667,44.31567781239645
9335202,GSL CHATEAU D'IF,Container ship,8747.26,4791.67,199.65291666666667,43.81233265229033
9336048,MSC SINDY,Container ship,9739.12,2577.1,107.37916666666666,90.6984129447829
9336189,MSC CHIQUITA III,Container ship,5826.21,3778.56,157.44,37.005907012195124
9336244,CONTAINERSHIPS VIII,Container ship,4812.75,4216.23,175.67624999999998,27.395564283732153
9336294,LOUISE BORCHARD,Container ship,5355.518,5841.85,243.4104166666667,22.002008267928822
9336359,MSC OLGA F,Container ship,3225.67,4186.4,174.4333333333333,18.492279763042234
9337028,MED STAR,Container ship,843.68,578.9,24.120833333333334,34.977232682674035
9337030,AS ALVA,Container ship,635.02,545.1,22.712500000000002,27.959053384700052
9337274,GSL MERCER,Container ship,1053.9,818.9,34.12083333333333,30.887287825131278
9337365,CRISTINA A,Container ship,1935.56,2170.6,90.44166666666666,21.40119782548604
9337377,MARIO A,Container ship,1147.36,1092.3,45.512499999999996,25.209777533644605
9337444,MSC UBERTY VIII,Container ship,8196.61,2406.4,100.26666666666667,81.7481050531915
9337597,GALANI,Container ship,1778.535,1322.5,55.104166666666664,32.275871455576564
9337614,NYK DAEDALUS,Container ship,918.23125,421.2,17.55,52.320868945868945
9337626,NYK CONSTELLATION,Container ship,2857.66,1822.9,75.95416666666667,37.62347907180865
9337638,NYK METEOR,Container ship,4141.257,1629.2,67.88333333333334,61.00550454210654
9337640,NYK NEBULA,Container ship,5021.568,2530.36,105.43166666666667,47.62865046870801
9337652,DELPHINUS C,Container ship,1191.58,431.4,17.974999999999998,66.29095966620307
9337664,NYK DEMETER,Container ship,5763.09,3334.1,138.92083333333332,41.48470651750098
9337676,MSC ROSHNEY V,Container ship,10692.72,4912.34,204.68083333333334,52.240944234316025
9337688,NYK DIANA,Container ship,7754.40736,4027.36,167.80666666666667,46.21036526161058
9338967,EM HYDRA,Container ship,4308.306,4512.01,188.00041666666667,22.916470486545904
9339090,PACIFIC DALIAN,Container ship,1850.776,2305.7,96.07083333333333,19.264702259617472
9339272,MSC PINA,Container ship,15471.97,4268.9,177.8708333333333,86.98430040525663
9339284,MSC CANDICE,Container ship,4038.44,1230.4,51.26666666666667,78.77321196358906
9339296,MSC ASYA,Container ship,10507.33,2921.57,121.73208333333334,86.3152072344664
9339545,CMA CGM KAILAS,Container ship,1919.8,1762.95,73.45625,26.135284608185145
9339583,ERASMUS NINJA,Container ship,5823.24,4799.27,199.96958333333336,29.120628762290927
9339595,ARTEMIS,Container ship,5157.42,3216.62,134.02583333333334,38.480790394886554
9341964,MEDKON CANAKKALE,Container ship,295.42,830.6,34.608333333333334,8.536094389597881
9341976,MEDKON LUNA,Container ship,1873.87,5572.33,232.18041666666667,8.070749578722006
9342176,MAERSK PITTSBURGH,Container ship,2890.018,794.5,33.104166666666664,87.30073253618629
9343089,SINE A,Container ship,1314.9,742.08,30.92,42.525873221216045
9344239,DIANA B,Container ship,813.17,863.5,35.979166666666664,22.601134916039374
9344253,CT PACHUCA,Container ship,3717.405,4671.97,194.6654166666667,19.09638118395452
9344552,FAYSTON FARMS,Container ship,2848.09,1449.0,60.375,47.17333333333334
9344643,SAN ALBERTO,Container ship,1782.83,2086.1,86.92083333333333,20.510963041081443
9344655,CMA CGM BALBOA,Container ship,384.6,396.39,16.51625,23.286157572088097
9344667,SAN ALFONSO,Container ship,1426.42,1236.3,51.512499999999996,27.690754671196316
9344681,MAERSK VENEZIA,Container ship,943.78,627.5,26.145833333333332,36.09676494023905
9344710,VIOLETTA,Container ship,4994.92,4246.18,176.92416666666668,28.2319826290925
9344722,VALENTINA,Container ship,5477.55,5170.9,215.45416666666665,25.423272544431338
9345984,MSC ARAINA III,Container ship,4819.01,1827.7,76.15416666666667,63.279662964381465
9346304,HYUNDAI BRAVE,Container ship,5441.77,1636.3,68.17916666666666,79.81573061174602
9346562,GFS LETO,Container ship,1858.43,2026.5,84.4375,22.009533678756476
9347255,MSC DELHI II,Container ship,504.62,635.9,26.495833333333334,19.04525868847303
9347293,CMA CGM DAVAO,Container ship,617.7,722.73,30.11375,20.512224482171767
9347542,HYUNDAI COURAGE,Container ship,13408.12,4392.8,183.03333333333333,73.2550719358951
9347566,HYUNDAI FORCE,Container ship,4943.7,1953.6,81.39999999999999,60.733415233415236
9347724,MSC MANASVI II,Container ship,3224.52,4074.1,169.75416666666666,18.9952333030608
9347762,MSC LENA F,Container ship,3554.38,4452.88,185.53666666666666,19.15729146080739
9347774,SYNETOS,Container ship,3540.10599,3793.52,158.06333333333333,22.396756511103145
9347786,MEDKON MAX,Container ship,2523.15,4933.63,205.56791666666666,12.274045682388019
9347798,ALEXANDER,Container ship,1586.71,1358.8,56.61666666666667,28.02549308213129
9347803,MSC ANNE F,Container ship,4676.89,5091.5,212.14583333333334,22.045636845723266
9347815,MEDKON SUN,Container ship,2710.08,3953.18,164.71583333333334,16.453063103627965
9348168,MAERSK IZMIR,Container ship,6511.388044,3368.25,140.34375,46.395995860164774
9348194,XPRESS NETRAVATI,Container ship,8951.674,6531.28,272.13666666666666,32.89403853455985
9348431,CMA CGM SAVANNAH,Container ship,7163.4,3680.36,153.34833333333333,46.71325631188253
9348443,CMA CGM MONTOIR,Container ship,8782.2,6882.65,286.77708333333334,30.623785896420713
9348625,CONTSHIP JET,Container ship,793.76,744.46,31.019166666666667,25.589339924240388
9348637,CONTSHIP ACE,Container ship,2744.92,2583.02,107.62583333333333,25.504285681101965
9348651,MAERSK MEMPHIS,Container ship,11766.054,5219.22,217.4675,54.104884637934404
9348663,SHIJING,Container ship,13813.99,6087.58,253.64916666666667,54.46101077932446
9348699,FOS EXPRESS,Container ship,10641.56,4235.48,176.47833333333332,60.299526854099184
9349174,CONTSHIP JOY,Container ship,4306.39,4556.28,189.845,22.68371566277753
9349186,ALDEBARAN J,Container ship,2101.14,2523.34,105.13916666666667,19.98436992240443
9349215,ELBSPRINTER,Container ship,3775.36501,3985.57,166.06541666666666,22.7342036998472
9349227,NJORD,Container ship,5952.81,5961.91,248.41291666666666,23.96336744432573
9349368,LASALLE,Container ship,4065.54,3151.8,131.32500000000002,30.957852655625352
9349497,AL SAFAT,Container ship,13479.64,4994.48,208.10333333333332,64.7737822556102
9349502,COLORADO EXPRESS,Container ship,1107.3,423.24,17.635,62.78990643606463
9349514,DELAWARE EXPRESS,Container ship,2065.3,684.5,28.520833333333332,72.4137326515705
9349526,POTOMAC EXPRESS,Container ship,1993.91,761.0,31.708333333333332,62.882838370565054
9349538,AL MANAMAH,Container ship,15405.44,5499.58,229.14916666666667,67.22887202295448
9349552,MISSOURI EXPRESS,Container ship,4254.1,1484.3,61.84583333333333,68.78555548069798
9349564,HUDSON EXPRESS,Container ship,4495.13,1216.82,50.70083333333333,88.65988395982973
9349605,AGIOS DIMITRIOS,Container ship,13499.45,4895.21,203.96708333333333,66.18445378237094
9349617,GSL SUSAN,Container ship,7678.22,5772.9,240.5375,31.921093384607392
9349796,MSC MONTEREY V,Container ship,12874.648,4613.58,192.2325,66.97435657342021
9349813,MSC CARMEN,Container ship,6562.21,2985.9,124.41250000000001,52.74558424595599
9349825,MSC NURIA,Container ship,1491.74,449.5,18.729166666666668,79.64796440489432
9350018,APL MINNESOTA,Container ship,12162.71438,5241.2,218.38333333333333,55.69433433564832
9350032,APL FLORIDA,Container ship,6064.78,1920.6,80.02499999999999,75.7860668541081
9350044,APL CALIFORNIA,Container ship,4065.8,1284.8,53.53333333333333,75.94894146948943
9350317,MSC HERMES,Container ship,3692.68,2689.2,112.05,32.95564480142794
9351098,MAX,Container ship,2905.204,3002.8,125.11666666666667,23.21996003729852
9351218,MSC STRAIT II,Container ship,682.978,418.2,17.425,39.19529411764705
9351579,MSC TAMARA,Container ship,11409.8,4922.7,205.11249999999998,55.6270339447864
9351581,MSC KIM,Container ship,11764.7,5231.76,217.99,53.968989403183635
9351593,MSC ANGELA,Container ship,12048.84,4784.53,199.35541666666666,60.43898982763198
9351608,JPO VENUS,Container ship,3362.6,1187.9,49.49583333333334,67.93703173667816
9352016,MAERSK SALALAH,Container ship,17833.078449,4769.03,198.7095833333333,89.74443079116719
9352028,MAERSK SAVANNAH,Container ship,18850.435357,4894.47,203.93625,92.43298019356538
9353723,LOLA B,Container ship,4986.12,6063.43,252.64291666666668,19.735839285684833
9353735,X-PRESS GODAVARI,Container ship,3386.563699,3988.3,166.17916666666667,20.378990741920113
9354325,LINDA,Container ship,5561.87,5399.68,224.98666666666668,24.720887163683773
9354337,AILA,Container ship,4269.66,4272.38,178.01583333333335,23.984720460258682
9354349,X-PRESS SOUSSE,Container ship,528.516,1378.78,57.44916666666666,9.199715690683067
9354351,ANINA,Container ship,3438.06,4470.88,186.28666666666666,18.45574920373618
9354363,WEC MONDRIAAN,Container ship,3393.6,4602.1,191.7541666666667,17.69765976402077
9354375,X-PRESS TAGUS,Container ship,3234.497901,3633.98,151.41583333333332,21.361688733564854
9354387,ADMIRAL NEPTUNE,Container ship,1483.49,2100.5,87.52083333333333,16.95013568198048
9354399,DAGMAR,Container ship,4103.45,4521.6,188.4,21.78052016985138
9354404,ATLANTIC GREEN,Container ship,4399.483,5836.0,243.16666666666666,18.092459218642908
9354416,WEC JAN STEEN,Container ship,5484.13,6021.4,250.89166666666665,21.858557810475972
9354428,SARA BORCHARD,Container ship,5905.95,5529.14,230.38083333333336,25.635596132490765
9354430,HENNEKE RAMBOW,Container ship,4133.44,4715.31,196.47125000000003,21.038396203006798
9354442,DINA TRADER,Container ship,2130.56,3316.68,138.195,15.417055609826695
9354454,BALTIC WHALE,Container ship,4077.161,5307.18,221.13250000000002,18.437638067674357
9354466,HELMUT,Container ship,1743.751,2101.4,87.55833333333334,19.915305986485198
9354478,IDA RAMBOW,Container ship,3315.26,3157.03,131.54291666666668,25.202877387924726
9354648,HAIAN ZETA,Container ship,812.327,994.3,41.42916666666667,19.607611384893897
9355288,MAERSK BINTAN,Container ship,8022.500076,4279.32,178.30499999999998,44.99313017582234
9355331,MAERSK BATAM,Container ship,7961.731832,4163.53,173.48041666666666,45.894124449205364
9355343,MAERSK BULAN,Container ship,8113.990479,4240.23,176.67624999999998,45.92575673866748
9355355,MAERSK BAYETE,Container ship,8127.912958,4344.4,181.01666666666665,44.90146188012154
9355367,MAERSK BENGUELA,Container ship,7419.80168,4159.05,173.29375000000002,42.81632592058282
9355422,ANDROMEDA J,Container ship,5169.44,5609.75,233.73958333333334,22.11623690895316
9355434,PEGASUS J,Container ship,2868.75,2774.1,115.58749999999999,24.81886017086623
9355446,BG IRELAND,Container ship,3004.76,2717.41,113.22541666666666,26.537857739538754
9355458,PAVO J,Container ship,5906.98,5820.0,242.5,24.358680412371132
9355460,SPICA J,Container ship,3794.66,4046.09,168.58708333333334,22.508604603456668
9355812,RIJNBORG,Container ship,3894.76,3578.73,149.11375,26.119388721697362
9356098,MAERSK NARMADA,Container ship,5762.687299,4668.23,194.50958333333332,29.62675257560146
9356103,MAERSK NAKURU,Container ship,2301.572311,2501.48,104.22833333333334,22.08202162879575
9356115,MAERSK NUBA,Container ship,5315.493316,5295.45,220.64374999999998,24.090840171090278
9356127,MAERSK NEWPORT,Container ship,3135.004356,2967.78,123.65750000000001,25.352318751389923
9356139,MAERSK NORFOLK,Container ship,6197.474676,5024.42,209.35083333333333,29.603295947392933
9356294,CMA CGM THALASSA,Container ship,11281.56,2786.28,116.09500000000001,97.17524441190403
9356658,ATLANTIC MONACO,Container ship,2794.412,3774.47,157.26958333333332,17.768292766931516
9356660,DIONYSSIS A,Container ship,206.66,453.11,18.879583333333333,10.946216150603606
9356684,ALEXANDRA A,Container ship,1813.88,2250.49,93.77041666666666,19.343840674697514
9356696,CMA CGM FRANCOISE SAGAN,Container ship,9079.5,3049.33,127.05541666666666,71.46094387947517
9356713,ONE TRITON,Container ship,10016.89062,4125.7,171.90416666666667,58.27020260319461
9356830,KOTA NABIL,Container ship,741.88,596.6,24.858333333333334,29.844317800871604
9357547,CMA CGM SAIGON,Container ship,1609.0,1971.07,82.12791666666666,19.591389448370684
9357808,EF EMMA,Container ship,1090.2,1075.8,44.824999999999996,24.321249302844397
9357810,EF EMIRA,Container ship,2394.43,3214.37,133.93208333333334,17.877941867302145
9357846,MSC AGGELIKI II,Container ship,969.0,1420.9,59.20416666666667,16.367091280174535
9357872,JONATHAN P,Container ship,2759.191004,1874.81,78.11708333333333,35.321224068572285
9357949,MONTE TAMARO,Container ship,3462.46488,1100.34,45.8475,75.52134532962539
9358436,MSC RENAISSANCE III,Container ship,3384.42,3218.8,134.11666666666667,25.234894991922456
9358539,SUNAID X,Container ship,2608.85,4007.45,166.97708333333333,15.624000299442288
9358890,SKYVIEW,Container ship,2498.57,3165.9,131.9125,18.941116270254906
9358905,MSC TAMISHKA F,Container ship,3551.05,5360.78,223.3658333333333,15.897910378713547
9359117,IPIOS,Container ship,2996.04,3657.19,152.38291666666666,19.661259054082507
9359258,EMOTION,Container ship,5377.12,4660.42,194.18416666666667,27.69082614871621
9359260,JUDITH,Container ship,4652.43,4720.0,196.66666666666666,23.65642372881356
9359301,MSC BAHRAIN II,Container ship,4316.9,4318.85,179.95208333333335,23.989163782025305
9359313,CAPE FULMAR,Container ship,1701.172,2970.1,123.75416666666666,13.74638160331302
9359325,CAPE FERROL,Container ship,3542.17,4616.05,192.33541666666667,18.41662893599506
9360283,MSC AUBE F,Container ship,3044.52,4444.4,185.1833333333333,16.44057240572406
9360910,SEATTLE C,Container ship,10850.34,5550.1,231.2541666666667,46.91954379200374
9360996,STEEN,Container ship,1963.271,2103.02,87.62583333333333,22.405162100217783
9362334,MARFRET GUYANE,Container ship,1498.1,954.07,39.75291666666667,37.68528514679216
9362396,SPIRIT OF SINGAPORE,Container ship,9691.0,4579.5,190.8125,50.78807730101539
9362724,MACAO,Container ship,3702.08,4312.68,179.69500000000002,20.60202008959626
9362736,CMA CGM CEBU,Container ship,203.5,466.2,19.425,10.476190476190476
9362956,HELENE,Container ship,2477.926,3502.75,145.94791666666666,16.978152594390124
9363417,CMA CGM MONTREAL,Container ship,3309.2,5247.24,218.635,15.135728497267134
9365788,CMA CGM PELLEAS,Container ship,5911.5,2461.79,102.57458333333334,57.63123580809086
9365790,CMA CGM BUTTERFLY,Container ship,3082.0,1445.89,60.24541666666667,51.15741861414077
9365805,CMA CGM IVANHOE,Container ship,3196.0,1376.66,57.36083333333334,55.71746110150654
9365831,RAPHAELA,Container ship,384.59,638.3,26.59583333333333,14.460535798214005
9365843,ADMIRAL GALAXY,Container ship,2478.77,1864.7,77.69583333333334,31.903512629377378
9365855,MUSTAFA DAYI,Container ship,683.2,549.2,22.883333333333336,29.8557902403496
9365879,KAAN KALKAVAN,Container ship,1273.8,793.92,33.08,38.50665054413543
9365960,X-PRESS MULHACEN,Container ship,3775.2821,4167.47,173.64458333333334,21.741433147689122
9365972,CMA CGM GOYA,Container ship,4961.3,5518.1,229.92083333333335,21.578296877548432
9365984,WEC VAN EYCK,Container ship,3624.82,5334.8,222.28333333333333,16.30720551848242
9366445,ZIM AUSTRALIA,Container ship,4652.99,4319.1,179.9625,25.85533097173022
9366457,MEDKON PERLA,Container ship,2127.92,2743.45,114.31041666666665,18.615276385572912
9366469,MEDKON ANKA,Container ship,167.33,461.41,19.225416666666668,8.703582497128368
9366471,ZIM NEW ZEALAND,Container ship,6543.81,5770.55,240.43958333333333,27.216026202008475
9366483,EGY SKY,Container ship,174.89,584.87,24.369583333333335,7.176569152119273
9367815,CMA CGM MOMBASA,Container ship,325.6,558.3,23.2625,13.996775926921012
9368041,JASPER WIND,Container ship,1400.57,2356.49,98.18708333333332,14.264299869721494
9368730,GFS LYSA,Container ship,834.97,865.35,36.05625,23.15742763043855
9369007,ELBSTROM,Container ship,4698.732,6026.27,251.09458333333336,18.712996264687774
9369734,MSC BREMEN,Container ship,1806.0,437.9,18.245833333333334,98.98150262617035
9369758,MSC FIAMMETTA,Container ship,13564.13,4546.1,189.42083333333335,71.60843800180373
9371402,CONTSHIP IVY,Container ship,2316.92,2164.9,90.20416666666667,25.685288004064855
9371414,PERSEUS,Container ship,1127.14,1103.48,45.97833333333333,24.514590205531594
9371426,PICTOR,Container ship,6024.58,4881.15,203.38125,29.622101349067332
9372200,HEINRICH EHLER,Container ship,2136.23,3738.92,155.78833333333333,13.712387534368213
9372274,THETIS D,Container ship,5190.18,5069.29,211.22041666666667,24.57234050527786
9372470,MSC KRYSTAL,Container ship,1425.87,587.3,24.47083333333333,58.26814234633066
9372482,MSC ORIANE,Container ship,7684.9,2902.3,120.92916666666667,63.5487716638528
9372494,MSC SORAYA,Container ship,11749.08,4429.18,184.54916666666668,63.663684925877924
9372585,VERA A,Container ship,876.13,1329.76,55.406666666666666,15.81271808446637
9372860,CMA CGM SPIRIT,Container ship,4778.73,2996.1,124.83749999999999,38.279603484529886
9373486,GFS RHEA,Container ship,625.75,589.31,24.55458333333333,25.484040657718353
9373498,SONGA WOLF,Container ship,2862.67,2681.0,111.70833333333333,25.626288698246924
9373905,CONTSHIP NEW,Container ship,3730.1,3761.57,156.73208333333335,23.799211499453683
9373917,MSC OAK F,Container ship,2659.88,2997.3,124.8875,21.298208387548794
9374117,LM HERMES,Container ship,687.37,589.38,24.5575,27.990227018222537
9375252,SKOGAFOSS,Container ship,4901.75,5084.28,211.845,23.13837947555996
9376036,RUTH,Container ship,3118.68399,3992.7,166.36249999999998,18.74631596663912
9376048,HANNA,Container ship,3690.46,4175.91,173.99625,21.209997341896734
9376050,WILHELM,Container ship,4891.181,5111.23,212.96791666666664,22.966750469065175
9376141,MSC POLINA,Container ship,4020.51,3874.6,161.44166666666666,24.903793940019618
9376892,CMA CGM NOUADHIBOU,Container ship,4008.7,6222.37,259.2654166666667,15.461761354596398
9377559,GH FOEHN,Container ship,1411.7,673.7,28.070833333333336,50.29063381327
9378929,ATLANTIC MERCHANT,Container ship,1756.785,3965.46,165.2275,10.632521825967228
9379349,MICHEL A,Container ship,3941.0,3312.93,138.03875,28.549954270087206
9379351,JEAN PIERRE A,Container ship,3119.54,3158.06,131.58583333333334,23.70726331988626
9379571,KAWA BUDAPEST,Container ship,3415.808,3439.17,143.29875,23.836969966590775
9380403,DYROS,Container ship,6036.83,2522.8,105.11666666666667,57.42980814967496
9383259,CHARM C,Container ship,4987.45,2692.7,112.19583333333333,44.45307683737513
9385001,HMM TACOMA,Container ship,12945.23,5214.7,217.27916666666667,59.57879072621627
9385013,HMM OAKLAND,Container ship,11506.0,4469.7,186.23749999999998,61.781327605879596
9385532,DIANE A,Container ship,2210.91,2364.28,98.51166666666667,22.44312856345272
9385972,MAERSK NILE,Container ship,5004.6,2813.8,117.24166666666667,42.686189494633595
9385984,SEASPAN MONTEVIDEO,Container ship,4266.88,2482.6,103.44166666666666,41.24914202851849
9385996,MAERSK NANSHA,Container ship,5594.37,3268.5,136.1875,41.07843965121615
9386005,SEASPAN LIMA,Container ship,945.77,680.1,28.337500000000002,33.375209528010586
9386471,KASSIAKOS,Container ship,4500.6,1971.6,82.14999999999999,54.78514911746806
9386483,AITOLIKOS,Container ship,6041.3,3054.8,127.28333333333335,47.46340185936886
9386495,CMA CGM LAPIS,Container ship,8721.0,3426.5,142.77083333333334,61.08390485918575
9386524,A LA MARINE,Container ship,3394.81,3978.0,165.75,20.481508295625943
9386718,ELBSUMMER,Container ship,5505.803,4257.92,177.41333333333333,31.03376108522471
9386976,MARTI WIND,Container ship,1324.06,1507.31,62.80458333333333,21.08221931785764
9386988,MSC RICHIKA F,Container ship,3123.67,3709.3,154.55416666666667,20.210843016202517
9387425,EMPIRE,Container ship,4859.26,4524.53,188.5220833333333,25.77554795746741
9387463,AS SABRINA,Container ship,324.14,423.9,17.662499999999998,18.351875442321305
9387592,MARBURG,Container ship,4272.20698,4623.15,192.63125,22.17816153921028
9388338,CONTSHIP RAY,Container ship,2191.62,2105.5,87.72916666666667,24.981657563524102
9388352,ONE CONTINUITY,Container ship,3825.85974,1451.98,60.49916666666667,63.23822212427168
9388388,LIBERTAS-H,Container ship,3507.72,4384.59,182.69125,19.20026273836322
9388510,ELBCARRIER,Container ship,6003.543,5062.98,210.95749999999998,28.458542597442612
9388522,ELBFEEDER,Container ship,4842.586,4583.05,190.96041666666667,25.359108890367768
9388534,ELBTRADER,Container ship,4345.779,4486.26,186.9275,23.24847333859384
9389306,EF AVA,Container ship,4276.16,5494.47,228.93625,18.678387542383522
9389382,ZIM CHINA,Container ship,7748.15,4630.4,192.9333333333333,40.15972702142364
9389681,PAOLO,Container ship,906.45,513.3,21.3875,42.38223261250731
9389693,KINGSTON,Container ship,7567.31,3845.6,160.23333333333332,47.226815061368846
9389708,MONACO,Container ship,5345.64,3351.55,139.64791666666667,38.279411018782355
9390812,MEDKON NLS,Container ship,1767.23,5509.18,229.54916666666668,7.6986992619591295
9390824,LUCY BORCHARD,Container ship,4986.68,5503.16,229.29833333333332,21.747563218223714
9391672,SPIRIT OF SYDNEY,Container ship,10883.51,5113.45,213.06041666666667,51.08180191455867
9391787,AS NURIA,Container ship,3737.03,2595.7,108.15416666666665,34.55280656470317
9393321,MSC ELAINE,Container ship,2244.21,861.8,35.90833333333333,62.49830587143189
9394882,MAERSK BOGOR,Container ship,7734.110683,4280.02,178.33416666666668,43.368642294194885
9395147,ONE HAMMERSMITH,Container ship,15171.751,4811.7,200.48749999999998,75.67429889643994
9395159,ONE HAMBURG,Container ship,12707.05,4172.16,173.84,73.09623791992637
9395161,ONE HONG KONG,Container ship,12705.85509,4160.8,173.36666666666667,73.28891611228609
9395563,ELBRUNNER,Container ship,4025.37199,5598.43,233.26791666666668,17.256432206886572
9395575,CT ROTTERDAM,Container ship,5141.275,4436.27,184.84458333333336,27.81404197670565
9395599,CONTSHIP VOW,Container ship,3695.19,3689.0,153.70833333333334,24.040271076172402
9395616,CONTSHIP TOP,Container ship,3456.93,4063.08,169.295,20.419563483859534
9395927,CARMEL I,Container ship,3953.99,1692.7,70.52916666666667,56.061771134873275
9396610,CMA CGM WEST,Container ship,2307.16,2112.77,88.03208333333333,26.208172209942397
9396622,CMA CGM EAST,Container ship,2377.296,2094.88,87.28666666666668,27.23549988543496
9396634,ERASMUS HOPE,Container ship,1655.75,1667.07,69.46124999999999,23.83703143839191
9396696,CMA CGM NADOR,Container ship,1687.0,2226.94,92.78916666666667,18.18100173332016
9397602,CMA CGM TOPAZ,Container ship,6648.3,3448.8,143.70000000000002,46.265135699373694
9397614,IONIKOS,Container ship,4545.2,2249.2,93.71666666666665,48.49937755646452
9397913,AMALTHEA,Container ship,6451.5,3396.62,141.52583333333334,45.585317168243726
9398216,MSC ANTONIA,Container ship,2155.9,1088.8,45.36666666666667,47.521675238795005
9398371,MSC IVANA,Container ship,8081.64,2028.4,84.51666666666667,95.62184973378032
9398383,MSC LUCIANA,Container ship,6908.28,1553.0,64.70833333333333,106.76028332260142
9398400,NINGBO,Container ship,3362.1,583.1,24.295833333333334,138.38175270108042
9398412,SAN DIEGO,Container ship,6731.018,1252.9,52.20416666666667,128.93641312155796
9398448,ANTWERP,Container ship,8041.999,1876.4,78.18333333333334,102.8607844809209
9398450,ROTTERDAM,Container ship,4145.0,709.2,29.55,140.27072758037224
9398462,TIANJIN,Container ship,4592.5,779.3,32.47083333333333,141.43462081355062
9398773,ELBWINTER,Container ship,2220.057,2464.25,102.67708333333333,21.621738054174696
9399002,MSC DANIELA,Container ship,6650.0,1615.9,67.32916666666667,98.76848814901912
9399014,MSC BEATRICE,Container ship,9623.09,2046.8,85.28333333333333,112.83670119210475
9399038,MSC BETTINA,Container ship,6805.95,1331.4,55.475,122.68499324019828
9399052,MSC EMANUELA,Container ship,22681.18,4178.0,174.08333333333334,130.28921014839636
9399210,CMA CGM PEGASUS,Container ship,8803.7,2947.56,122.815,71.68261205878761
9399741,MSC MELANI III,Container ship,8554.58,4218.0,175.75,48.67470839260313
9399789,SONGA PUMA,Container ship,4548.51,2148.7,89.52916666666665,50.804784288174254
9399806,RIYADH MUKAAB,Container ship,2920.0,1677.6,69.89999999999999,41.77396280400573
9400095,KALAHARI EXPRESS,Container ship,14216.11992,4342.75,180.94791666666666,78.56470625295032
9400100,MEHUIN,Container ship,13173.67096,4425.88,184.41166666666666,71.43621224253708
9400174,FORT DESAIX,Container ship,7009.62,3711.64,154.65166666666667,45.32521472987682
9400203,VENETIA,Container ship,4177.12,2091.9,87.16250000000001,47.923361537358375
9400215,NEOKASTRO,Container ship,6348.37,3405.1,141.87916666666666,44.74490617015653
9400291,CMA CGM OSAKA,Container ship,5545.6,4456.05,185.66875000000002,29.86824654121924
9401099,CMA CGM MOLIERE,Container ship,7964.81,2745.4,114.39166666666667,69.6275369709332
9401104,MSC SOLA,Container ship,6942.74,1784.6,74.35833333333333,93.36868766110052
9401116,MSC FRANCESCA,Container ship,4198.42,1142.6,47.60833333333333,88.18666199894977
9401142,MSC GAIA,Container ship,6157.46,1286.5,53.604166666666664,114.86905557714731
9401178,AS NINA,Container ship,9554.64,5534.4,230.6,41.43382480485689
9401283,RDO CONCORD,Container ship,12722.83,5545.8,231.07500000000002,55.05930974791734
9401673,HANSA ROTENBURG,Container ship,3231.84,2601.42,108.3925,29.81608506123579
9401685,MSC ORTOLAN II,Container ship,1982.09,2195.7,91.4875,21.665145511681924
9402029,MAERSK BATUR,Container ship,7457.931909,4156.52,173.18833333333336,43.06255372667519
9402615,MAERSK NEWARK,Container ship,6192.24,3968.2,165.34166666666667,37.45117685600524
9402627,MAERSK NEW DELHI,Container ship,4224.69,2314.0,96.41666666666667,43.81700950734658
9403229,JAMAICA,Container ship,7254.02,3811.6,158.81666666666666,45.67543288907546
9403396,MSC CANCUN IV,Container ship,831.25,384.3,16.0125,51.91256830601093
9403437,MSC AZURIT F,Container ship,2952.85,4716.8,196.53333333333333,15.024677747625509
9403449,CONTSHIP SKY,Container ship,2270.15,2763.7,115.15416666666665,19.714006585374683
9403619,MOL PROFICIENCY,Container ship,9515.22917,4027.63,167.81791666666666,56.69972169240968
9404065,CARLOTA B,Container ship,5432.17,6160.6,256.69166666666666,21.162237444404767
9404077,LUCIA B,Container ship,4741.29,5441.0,226.70833333333334,20.913611468480056
9404089,KRISTIN SCHEPERS,Container ship,4041.65,4838.02,201.58416666666668,20.049441713758934
9404091,HENRIKE SCHEPERS,Container ship,4792.0,4848.52,202.02166666666668,23.720228028346792
9404649,MSC DANIT,Container ship,18258.37,3097.4,129.05833333333334,141.473778007361
9404651,MSC CAMILLE,Container ship,3370.3,940.2,39.175000000000004,86.03190810465858
9404675,MSC MELATILDE,Container ship,10303.49,1815.3,75.6375,136.2219798380433
9404869,OOCL GUANGZHOU,Container ship,6484.667999,3152.9,131.37083333333334,49.361550311142125
9406180,VELA,Container ship,5806.186,2058.6,85.77499999999999,67.69088895365783
9406611,CMA CGM MUSSET,Container ship,9533.58,3962.4,165.1,57.744276196244705
9406738,NHAVA SHEVA EXPRESS,Container ship,2688.8,700.3,29.179166666666664,92.14793659860061
9406934,CONTSHIP LUV,Container ship,2217.05,1760.9,73.37083333333334,30.217048100403204
9407146,ALTAMIRA EXPRESS,Container ship,6478.21,3764.9,156.87083333333334,41.29645940131212
9407158,SEASPAN EMISSARY,Container ship,8359.93,4289.2,178.71666666666667,46.77756224937051
9408865,MUNDRA EXPRESS,Container ship,6458.87,1501.1,62.54583333333333,103.2661914595963
9409194,CMA CGM LAMARTINE,Container ship,5979.8,2635.1,109.79583333333333,54.462904633600246
9410272,AS SARA,Container ship,4801.76,4497.0,187.375,25.62647098065377
9410301,CAPITAINE TUPAIA,Container ship,2589.03,1537.1,64.04583333333333,40.42464380977165
9410727,CMA CGM ANDROMEDA,Container ship,1257.1,415.12,17.296666666666667,72.67874349585661
9410741,CMA CGM AQUILA,Container ship,7165.9,2499.44,104.14333333333333,68.80805300387287
9410753,CMA CGM CALLISTO,Container ship,1403.6,390.63,16.27625,86.23608017817371
9410777,CMA CGM CENTAURUS,Container ship,2689.4,1099.61,45.81708333333333,58.69862951410046
9410789,CMA CGM COLUMBA,Container ship,10008.6,3172.03,132.16791666666668,75.72639603030235
9410791,CMA CGM GEMINI,Container ship,13566.9,3615.67,150.65291666666667,90.05401488520799
9412488,YERUPAJA,Container ship,1220.6,1037.74,43.23916666666667,28.22903617476439
9412517,KILIA,Container ship,3599.53,5027.17,209.46541666666667,17.184364165126702
9412529,EXPERT,Container ship,4519.26,4721.44,196.72666666666666,22.972279643498595
9412531,NETA A.,Container ship,4780.23501,4828.07,201.16958333333332,23.762215593394465
9415296,MSC GRETA III,Container ship,1752.6,1015.2,42.300000000000004,41.43262411347517
9415947,WANDA A,Container ship,3471.45,3317.15,138.21458333333334,25.116380025021478
9415959,BERNARD A,Container ship,1328.88,1342.3,55.92916666666667,23.76005363927587
9416965,NYK REMUS,Container ship,4438.35193,2115.27,88.13625,50.357848558340066
9416977,NYK RIGEL,Container ship,4541.3,3010.0,125.41666666666667,36.20970099667774
9416989,NYK ROMULUS,Container ship,3797.54253,1673.66,69.73583333333333,54.45611457524229
9416991,NYK RUMINA,Container ship,2687.4,1231.5,51.3125,52.373203410475035
9417244,OOCL SEOUL,Container ship,7870.243,2891.3,120.47083333333335,65.32903261508663
9417270,OOCL LUXEMBOURG,Container ship,3063.4,827.1,34.4625,88.89082335872325
9418652,LISA,Container ship,4892.22,2778.63,115.77625,42.255816715431706
9425382,SANTA RITA,Container ship,12681.516266,3664.85,152.70208333333332,83.04743451546449
9426817,MSC CORNELIA,Container ship,14207.5,5086.8,211.95000000000002,67.03231894314696
9428205,REBECCA S,Container ship,5406.46,5045.0,210.20833333333334,25.71953221010902
9428217,JAIME S,Container ship,4269.33,3803.63,158.48458333333335,26.938456158984966
9429194,BAKKAFOSS,Container ship,5692.36,5365.48,223.56166666666664,25.462146909502973
9429209,CHARLOTTA,Container ship,4209.39,4397.09,183.21208333333334,22.975504253949772
9429211,CHRISTINA,Container ship,2749.99,4408.1,183.67083333333335,14.972382659195569
9429223,HANSA MUNKSUND,Container ship,4400.76,4418.7,184.11249999999998,23.902559576345986
9429235,TUNADAL,Container ship,3969.1,3501.14,145.88083333333333,27.207823737411243
9429261,ELBSUN,Container ship,3779.66701,3796.58,158.19083333333333,23.893084892192448
9429273,ELBTEAM,Container ship,4381.199,4352.05,181.33541666666667,24.160746314955016
9430040,MEDKON MERSIN,Container ship,441.82,941.33,39.22208333333334,11.264572466616382
9430155,VICTORIA L,Container ship,879.98,1039.66,43.31916666666667,20.313871842717813
9430193,HERCULES J,Container ship,8479.071,6489.18,270.3825,31.35954065074478
9430363,SANTA ROSA,Container ship,8325.355,3383.72,140.98833333333332,59.04995685222182
9430375,SANTA TERESA,Container ship,13256.642252,4141.99,172.58291666666665,76.81317773533978
9430387,SANTA URSULA,Container ship,10011.183,2542.91,105.95458333333333,94.48560586100177
9430870,CTM ISTMO,Container ship,7503.0,6059.58,252.4825,29.716911073044667
9431331,MARINA L,Container ship,3725.56,4497.67,187.40291666666667,19.879946727972484
9431719,ZIM IBERIA,Container ship,9348.95,3754.8,156.45000000000002,59.756791307126875
9432220,VERA RAMBOW,Container ship,4939.26,3303.06,137.6275,35.88861237761349
9432232,GERDA,Container ship,4897.27,4383.95,182.66458333333333,26.810178035789644
9433054,MAERSK VALPARAISO,Container ship,2425.945,3593.37,149.72375,16.202806835922825
9433157,MSC JENNIFER II,Container ship,4279.43,5932.68,247.19500000000002,17.311960193369607
9433456,SELFOSS,Container ship,3408.96514,3738.1,155.75416666666666,21.886831106711966
9434931,CAUCEDO EXPRESS,Container ship,7280.45,4154.7,173.11249999999998,42.056177341324286
9434943,PUERTO LIMON EXPRESS,Container ship,6550.61,4139.9,172.4958333333333,37.97546800647359
9435038,SEASPAN CALICANTO,Container ship,3570.77,1563.0,65.125,54.829481765834934
9435521,CONTSHIP PAX,Container ship,2007.23,1855.4,77.30833333333334,25.963953864395815
9435820,MSC MANON,Container ship,3363.54,4686.8,195.28333333333333,17.223896901937355
9436197,BG ONYX,Container ship,4721.01,4111.9,171.32916666666665,27.55520319073908
9436202,BG RUBY,Container ship,4224.02,4024.17,167.67375,25.191897956597263
9436214,SAMSKIP INNOVATOR,Container ship,4117.73,4212.14,175.50583333333336,23.46206916199366
9436290,SAMSKIP ENDEAVOUR,Container ship,5357.8,4643.6,193.48333333333335,27.691274011542767
9436305,VERONICA B,Container ship,5159.74,5396.83,224.86791666666667,22.945647722829882
9436422,CMA CGM AMBARLI,Container ship,6384.8,5466.18,227.75750000000002,28.03332491795001
9436472,MSC ZONDA III,Container ship,1711.71,711.5,29.645833333333332,57.73863668306395
9437050,GSL TINOS,Container ship,1401.71,926.28,38.595,36.31843503044436
9437139,MICHIGAN,Container ship,5709.546,5136.68,214.02833333333334,26.67658954811279
9437141,ANNALISA P,Container ship,4316.1849,5026.3,209.42916666666667,20.60928269303464
9437218,BF PERCH,Container ship,3039.12,2882.18,120.09083333333332,25.30684412493321
9437220,ADMIRAL MOON,Container ship,3334.82,3442.0,143.41666666666666,23.25266705403835
9437232,BF TROUT,Container ship,872.27,914.52,38.105,22.891221624458733
9437244,ADMIRAL SUN,Container ship,2647.53,2909.0,121.20833333333333,21.84280508765899
9437256,BF CARP,Container ship,1726.0,1702.0,70.91666666666667,24.33842538190364
9440150,MSC SALINA III,Container ship,6673.617,3990.3,166.26250000000002,40.139039169987214
9440306,MSC MELTEMI III,Container ship,2203.44,1039.8,43.324999999999996,50.858395845354885
9440576,PANTONIO,Container ship,1528.04,1988.72,82.86333333333333,18.440484331630397
9440588,PENGALIA,Container ship,5150.86,5350.08,222.92,23.106316167234883
9440590,SUNSET X,Container ship,2241.61,2912.79,121.36625,18.469796998753775
9440605,NINA A,Container ship,1661.15,2466.5,102.77083333333333,16.163632677883644
9440796,BALTIMORE STAR,Container ship,5595.356,2521.1,105.04583333333333,53.26585379397881
9440801,ZIM ATLANTIC,Container ship,9465.86,4218.8,175.78333333333333,53.84958756044373
9440825,DUBAI EXPRESS,Container ship,9814.84,5524.89,230.20375,42.63544794556996
9440837,ZIM PACIFIC,Container ship,8482.15,4728.3,197.01250000000002,43.053867140409864
9441001,MSC PALOMA,Container ship,6105.19,1434.12,59.754999999999995,102.17036231277717
9443011,EXPRESS ARGENTINA,Container ship,6115.75,5076.98,211.54083333333332,28.910494033854775
9443023,EXPRESS BRAZIL,Container ship,367.4,377.2,15.716666666666667,23.37645811240721
9443047,EXPRESS SPAIN,Container ship,4504.25,3173.0,132.20833333333334,34.06933501418216
9443463,CMA CGM LEBU,Container ship,3927.8,1934.24,80.59333333333333,48.73604102903466
9443487,SEASPAN LUMACO,Container ship,9169.44,4352.7,181.36249999999998,50.558632572885806
9443580,SYNERGY ANTWERP,Container ship,7518.607,4591.59,191.31625,39.29936427250691
9444285,MSC DUBAI VII,Container ship,14947.99,4664.5,194.35416666666666,76.91108586129275
9444417,JOLLY CLIVIA,Container ship,1408.749,684.73,28.530416666666667,49.37709170037825
9444716,SANTA CLARA MAERSK,Container ship,12658.610099,3637.3,151.55416666666667,83.52531888378742
9444728,SANTA ISABEL MAERSK,Container ship,13109.657241,3878.21,161.59208333333333,81.12809099661958
9444730,SANTA CATARINA,Container ship,9013.166,2671.28,111.30333333333334,80.97840136563744
9444742,SANTA CRUZ,Container ship,13366.807999,3347.97,139.49875,95.82027078378839
9444845,SANTA INES,Container ship,15498.067126,4328.67,180.36125,85.92792035983338
9445019,FERDINANDA S,Container ship,3585.64,3113.09,129.71208333333334,27.643068462524372
9445904,SC HOUSTON,Container ship,5954.74,3419.26,142.46916666666667,41.79669285166966
9445916,MSC MOSS III,Container ship,4413.8,2951.1,122.96249999999999,35.8954965944902
9446104,SANTA MARTA EXPRESS,Container ship,7718.74,4467.8,186.15833333333333,41.46330632526075
9447902,PARIS EXPRESS,Container ship,3553.23,798.3,33.262499999999996,106.82390078917702
9448669,MARIELYST,Container ship,3498.17,4510.48,187.93666666666664,18.613557758819464
9448671,NORDIC PORTO,Container ship,4212.77,4954.7,206.44583333333333,20.40617595414455
9448683,SAMSKIP AMINA,Container ship,4267.47,4212.82,175.53416666666666,24.31133540004083
9448695,ELBSAILOR,Container ship,2416.822,2347.57,97.81541666666668,24.70798655631142
9448748,COSCO JAPAN,Container ship,8120.38,2909.7,121.2375,66.97911124858233
9448786,COSCO INDONESIA,Container ship,7297.67,2976.6,124.02499999999999,58.840314452731306
9448827,BHARANI,Container ship,1415.5,782.71,32.61291666666667,43.403048383181506
9449106,CMA CGM MENDELSSOHN,Container ship,1930.5,1312.28,54.678333333333335,35.30648946871094
9449120,PIONEER IV,Container ship,9524.56,4344.87,181.03625,52.61134165118864
9449687,MSC AMIHAN F,Container ship,3301.05,3627.4,151.14166666666668,21.840767491867453
9449699,SCARLETTA,Container ship,2576.53,2722.4,113.43333333333334,22.714046429620925
9449819,CMA CGM CENDRILLON,Container ship,2531.1,1124.74,46.86416666666667,54.00928214520689
9449821,MSC ROMINA II,Container ship,1385.85,1060.36,44.181666666666665,31.367082877513297
9449833,ERASMUS MASTER,Container ship,2949.77,2453.56,102.23166666666667,28.85377981382155
9449845,CONTSHIP BOX,Container ship,3751.14,3327.22,138.63416666666666,27.057832064005385
9450313,JOLLY ORO,Container ship,2531.32,1381.06,57.54416666666666,43.9891677407209
9450351,MSC JUSTICE VIII,Container ship,2166.14,658.3,27.429166666666664,78.9721403615373
9450363,MSC JAMBOREE IX,Container ship,6543.22,1976.8,82.36666666666666,79.44014569000406
9450399,PRAGUE EXPRESS,Container ship,2486.1,609.6,25.400000000000002,97.8779527559055
9450404,SOFIA EXPRESS,Container ship,9725.27,2943.48,122.645,79.2960984956582
9450636,CMA CGM TITUS,Container ship,13267.3,4948.57,206.19041666666666,64.3448915545299
9451915,CMA CGM AFRICA ONE,Container ship,5023.4,2226.37,92.76541666666667,54.15164595282904
9451927,CMA CGM AFRICA TWO,Container ship,5252.9,2277.48,94.895,55.35486590442068
9451939,CMA CGM AFRICA THREE,Container ship,4321.6,1917.24,79.885,54.09776553796082
9451965,CMA CGM AFRICA FOUR,Container ship,4548.2,2036.4,84.85000000000001,53.60282852091926
9453365,SPYROS V,Container ship,5858.78,2029.7,84.57083333333334,69.27660245356456
9454034,MOLIVA,Container ship,1484.87,3672.08,153.00333333333333,9.704821245724494
9454230,SVENDBORG,Container ship,4006.49,5035.98,209.83249999999998,19.093753350887017
9454242,SONDERBORG,Container ship,2137.24,4600.4,191.6833333333333,11.149847839318321
9454448,CMA CGM ALEXANDER VON HUMBOLDT,Container ship,7784.0,1785.47,74.39458333333333,104.63127355822277
9454450,CMA CGM JULES VERNE,Container ship,16991.2,3817.36,159.05666666666667,106.82482134249848
9456769,MAERSK EMDEN,Container ship,6526.57097,2131.88,88.82833333333333,73.47397755971255
9456783,MAERSK ESSEN,Container ship,3332.274,872.67,36.36125,91.6435491079102
9456953,SM SEOUL,Container ship,4834.11,2346.1,97.75416666666666,49.4517028259665
9456989,MERKUR HORIZON,Container ship,4633.24,2258.5,94.10416666666667,49.235226920522464
9456991,RHINE MAERSK,Container ship,11781.585182,6082.45,253.43541666666667,46.48752465996433
9458975,SKALAR,Container ship,3878.618,4213.0,175.54166666666666,22.095141704248753
9458999,BROOKLYN BRIDGE,Container ship,8515.64366,4215.72,175.655,48.47936955964817
9460356,MSC SAVONA,Container ship,1659.09,371.8,15.491666666666667,107.09564281871974
9461374,MSC ALEXANDRA,Container ship,9950.52,2449.64,102.06833333333333,97.48880651850885
9461386,MSC GENOVA,Container ship,2249.78,406.6,16.941666666666666,132.79567142154454
9461398,MSC ROSA M,Container ship,15567.32,2778.6,115.77499999999999,134.46184409414815
9461415,MSC DEILA,Container ship,9148.42,1977.1,82.37916666666666,111.05259218046635
9461439,MSC VALERIA,Container ship,3390.03,1305.2,54.38333333333333,62.33582592706099
9461441,MSC BARI,Container ship,1917.57,490.4,20.433333333333334,93.84518760195758
9461477,CYPRESS,Container ship,11326.79,3067.28,127.80333333333334,88.62671813463395
9461489,KOI,Container ship,11108.82,2880.12,120.005,92.56964293154452
9461491,SHENZHEN,Container ship,3755.0,833.3,34.72083333333333,108.14832593303733
9461594,CMA CGM DAKHLA,Container ship,651.8,1205.8,50.24166666666667,12.973295737269861
9461623,CONSTANTINOS P II,Container ship,3858.03,1350.58,56.274166666666666,68.55774556116631
9461879,APL GWANGYANG,Container ship,13629.7,3344.72,139.36333333333332,97.79975603338995
9461881,APL LE HAVRE,Container ship,10279.4,3332.11,138.83791666666667,74.03885225877896
9462029,APL SALALAH,Container ship,9253.0,2616.67,109.02791666666667,84.86817214245586
9462043,APL BARCELONA,Container ship,13711.8,3973.96,165.58166666666668,82.80989239952088
9462794,ELBSPRING,Container ship,5479.21701,4868.66,202.86083333333332,27.00973332292664
9463035,MSC NATASHA XIII,Container ship,1264.1,487.3,20.304166666666667,62.25815719269443
9463047,MSC EMMA,Container ship,2714.31,694.7,28.945833333333336,93.77204548726067
9463059,MSC ELISA XIII,Container ship,2612.1,758.5,31.604166666666668,82.65049439683585
9463281,MSC HOUSTON V,Container ship,10385.99,5106.0,212.75,48.8178143360752
9464716,ZIM ASIA,Container ship,9201.24,3591.4,149.64166666666668,61.48848916856935
9465241,MSC CRISTINA,Container ship,12650.07,2696.9,112.37083333333334,112.57431866216767
9465253,MSC BENEDETTA XIII,Container ship,2842.06,967.6,40.31666666666667,70.49342703596527
9465265,MSC VEGA,Container ship,12914.65,2727.3,113.6375,113.64778352216477
9465277,MSC ALTAIR,Container ship,8783.54,2318.8,96.61666666666667,90.91122994652406
9465289,MSC CAPELLA,Container ship,21197.29,4655.1,193.9625,109.28550621898563
9465291,MSC REGULUS,Container ship,11132.86,1993.8,83.075,134.00975022569966
9465306,MSC RENEE XIII,Container ship,5505.2,1166.8,48.61666666666667,113.23688721288995
9466245,COSCO GLORY,Container ship,15130.7,4419.8,184.15833333333333,82.16136476763656
9466867,CSCL STAR,Container ship,18939.7494,4866.57,202.77374999999998,93.40335916261351
9467043,JOLLY ARGENTO,Container ship,2131.521,1062.42,44.267500000000005,48.150923363641496
9467055,ATLANTICA POWER,Container ship,5343.25,3146.12,131.08833333333334,40.76068300001271
9467251,CSCL VENUS,Container ship,21739.6819,4512.01,188.00041666666667,115.6363495648281
9467263,CSCL JUPITER,Container ship,12880.2687,3244.18,135.17416666666665,95.28646647226728
9467275,CSCL MERCURY,Container ship,24770.8453,5321.85,221.74375,111.7093279968432
9467287,CSCL MARS,Container ship,17395.2862,3822.16,159.25666666666666,109.22799380455031
9467299,CSCL SATURN,Container ship,21455.4071,4514.38,188.09916666666666,114.06433893469314
9467304,CSCL URANUS,Container ship,14871.71,3538.2,147.42499999999998,100.87644565033068
9467316,CSCL NEPTUNE,Container ship,15484.15,3504.4,146.01666666666668,106.04371647072252
9467392,MSC BERYL,Container ship,17799.68,3588.45,149.51874999999998,119.04647410441835
9467407,MSC LAUREN,Container ship,4466.95,975.9,40.6625,109.8542883492161
9467419,MSC LAURENCE,Container ship,14737.95,2675.1,111.46249999999999,132.22339351799934
9467421,MSC MARIA SAVERIA,Container ship,9357.89,1756.2,73.175,127.88370345063204
9467433,MSC FLAVIA,Container ship,12544.15,2325.9,96.91250000000001,129.43789500838383
9467457,MSC KATIE,Container ship,2404.25,635.4,26.474999999999998,90.81208687440983
9468293,SEASPAN ADONIS,Container ship,4700.42,1657.5,69.0625,68.06038009049774
9468308,ONE ALTAIR,Container ship,5511.45248,2006.73,83.61375,65.91562368629562
9469560,MSC TERESA,Container ship,11925.98,2049.9,85.41250000000001,139.62804039221425
9470753,PENANG BRIDGE,Container ship,3502.23633,4706.87,196.11958333333334,17.857657407151674
9470765,X-PRESS KAVERI,Container ship,1520.61,1895.18,78.96583333333334,19.25655610548866
9470882,EF ELDRA,Container ship,799.75,817.77,34.07375,23.471147144062513
9470961,CONTSHIP PEP II,Container ship,4239.14,3875.96,161.49833333333333,26.248815777252606
9471202,CMA CGM CONSTANZA,Container ship,4031.7,2574.44,107.26833333333333,37.58518357390345
9471214,CMA CGM TARRAGONA,Container ship,5088.5,3502.21,145.92541666666668,34.870553165001525
9472103,ERATO,Container ship,2975.5,1821.3,75.8875,39.20935595453797
9472127,COSCO FORTUNE,Container ship,11006.57,2340.8,97.53333333333335,112.84931647300067
9472165,COSCO HOPE,Container ship,11059.94,2691.8,112.15833333333335,98.61006018277732
9472189,COSCO EXCELLENCE,Container ship,6851.65,1966.7,81.94583333333334,83.61193878069862
9474383,NORDIC ISTRIA,Container ship,3322.39,5223.68,217.65333333333334,15.264595074736583
9474395,NORDIC ITALIA,Container ship,4458.68,5570.2,232.09166666666667,19.210857778894834
9475258,MSC TARANTO,Container ship,6217.96,1356.3,56.512499999999996,110.02804689228047
9475648,ONE MANEUVER,Container ship,9823.34621,5787.91,241.16291666666666,40.733236874795914
9475650,ONE MISSION,Container ship,3705.04,1850.67,77.11125,48.047982622509686
9475698,SPEED,Container ship,2505.09,469.4,19.558333333333334,128.08299957392416
9477335,JAN,Container ship,3545.12,3372.42,140.5175,25.229028412831138
9477347,MARTI SPIRIT,Container ship,2959.81,3393.6,141.4,20.932178217821782
9477610,MSC ROWAN,Container ship,5698.57,2964.8,123.53333333333335,46.12981651376146
9477799,MEGALOPOLIS,Container ship,3929.953,1715.5,71.47916666666667,54.980397551734185
9478494,NAVIOS DOMINO,Container ship,12664.62,4988.7,207.86249999999998,60.927872992964105
9480174,MSC ALICANTE,Container ship,13229.53,3963.4,165.14166666666668,80.11018822223343
9480198,MSC MADRID,Container ship,15182.81,4619.4,192.475,78.8819846733342
9480203,MSC CADIZ,Container ship,8977.78,3091.6,128.81666666666666,69.69424246344936
9480215,MSC CORUNA,Container ship,18689.95,5005.9,208.57916666666665,89.60602489062907
9480227,MSC VIGO,Container ship,15773.03,4284.3,178.51250000000002,88.35812618163993
9481532,HAMMONIA BALTICA,Container ship,8116.652,4638.31,193.26291666666668,41.99797943647578
9483334,ELBWIND,Container ship,4324.371,4492.83,187.20125,23.10011818831338
9483346,EINSTEIN,Container ship,7245.27,5281.65,220.06875,32.92275709295391
9483358,ISABELLA B,Container ship,6200.91,6624.42,276.0175,22.465640765531173
9483669,X-PRESS ELBE,Container ship,3690.184,3636.62,151.52583333333334,24.353497478427773
9483671,X-PRESS AGILITY,Container ship,3691.584,4215.97,175.6654166666667,21.014859213893832
9483683,NIEVES B,Container ship,6160.02,5865.2,244.38333333333333,25.20638341403533
9483695,NORDICA,Container ship,4415.36,4458.02,185.75083333333336,23.77033750409374
9484429,MSC CLORINDA,Container ship,9114.96,1724.4,71.85000000000001,126.8609603340292
9484431,MSC RAVENNA,Container ship,3341.82,556.6,23.191666666666666,144.09572403880705
9484443,MSC ARIANE,Container ship,7746.5,1634.6,68.10833333333333,113.73791753334149
9484455,MSC RAPALLO,Container ship,27796.29,4914.2,204.75833333333333,135.7516910178666
9484467,MSC VANDYA,Container ship,14419.09,3331.5,138.8125,103.87457901846015
9484522,JOLLY GIADA,Container ship,2375.876,1058.25,44.09375,53.882375620127576
9484534,JOLLY ROSA,Container ship,2398.746,1107.83,46.15958333333333,51.96637029147072
9484546,BERNHARD SCHULTE,Container ship,10346.94,3428.22,142.8425,72.43600469048077
9491472,SOUTH,Container ship,2943.56,3218.88,134.12,21.947211452430658
9491484,ESPERANCE,Container ship,4046.07,3845.17,160.21541666666667,25.253936757022448
9491496,ESSENCE,Container ship,4849.85,4688.78,195.3658333333333,24.824453269293937
9491501,NORTH,Container ship,3504.61,3080.82,128.3675,27.30138080121526
9491616,MSC SAGITTARIUS F,Container ship,3873.54,4827.88,201.16166666666666,19.255855572218035
9491628,CMA CGM MAPUTO,Container ship,3584.0,3330.55,138.77291666666667,25.826365014787346
9492505,BERNHARD SCHEPERS,Container ship,4240.59,4560.71,190.02958333333333,22.315420186769167
9492751,CONTSHIP ECO,Container ship,2467.26,3731.18,155.46583333333334,15.870110796048436
9495765,ARICA EXPRESS,Container ship,11708.26,5361.8,223.40833333333333,52.40744526091984
9495777,MOMBASA EXPRESS,Container ship,10483.95,5254.91,218.95458333333332,47.88184764344204
9496460,YM EVOLUTION,Container ship,857.14,413.7,17.2375,49.725308194343725
9499010,MSC ALBA F,Container ship,449.2,1007.6,41.983333333333334,10.699483922191344
9502960,MSC RUBY,Container ship,5256.43,1000.6,41.69166666666667,126.07867279632221
9503732,MSC PERLE,Container ship,1108.25,525.4,21.891666666666666,50.62428625808908
9504035,ELBWAVE,Container ship,4490.676,4734.1,197.2541666666667,22.765937348176
9504047,PHOENIX J,Container ship,3622.769,3976.7,165.69583333333333,21.86397163477255
9504061,WES GESA,Container ship,3969.45,4877.22,203.2175,19.533012658850737
9504073,ELBWATER,Container ship,4135.55,4806.1,200.2541666666667,20.651505378581383
9507702,CONTSHIP ERA,Container ship,6151.95,6162.9,256.78749999999997,23.95735773742881
9509126,ETE N,Container ship,4334.79,3531.37,147.14041666666665,29.460226484338943
9509138,FLEUR N,Container ship,2538.2786,1861.14,77.5475,32.731920435861895
9509164,GSL ALICE,Container ship,10171.79,4510.46,187.93583333333333,54.123739042137615
9509774,MSC AGNA II,Container ship,935.94,1995.73,83.15541666666667,11.255310087035822
9514755,ILSE D,Container ship,2491.33,2408.0,100.33333333333333,24.830531561461793
9514767,ARIES J,Container ship,3697.43,3737.12,155.71333333333334,23.745108532773898
9515591,RAQUEL S,Container ship,6483.96,5016.64,209.02666666666667,31.01977419149072
9516416,COSCO FRANCE,Container ship,13067.1631,2510.0,104.58333333333333,124.94498581673307
9516428,COSCO ENGLAND,Container ship,17156.88,3518.85,146.61875,117.01695724455433
9516430,COSCO NETHERLANDS,Container ship,3750.31,963.7,40.15416666666667,93.39777939192695
9516466,COSCO PORTUGAL,Container ship,4297.17,809.1,33.7125,127.46518353726363
9516478,COSCO DENMARK,Container ship,30262.9765,5861.22,244.2175,123.91813240246911
9516753,LIMARKO BREEZE,Container ship,4434.0,3428.48,142.85333333333332,31.03882770207206
9517434,CONTSHIP GIN,Container ship,1599.4,1533.02,63.87583333333333,25.039203663357295
9525302,MAERSK CALABAR,Container ship,7289.135902,3828.83,159.53458333333333,45.69000494877025
9525364,MAERSK CHILKA,Container ship,2105.471666,1091.02,45.45916666666667,46.31566789243093
9525376,MAERSK CHAMBAL,Container ship,5263.741,3377.57,140.73208333333335,37.40256574993264
9525405,MAERSK COPENHAGEN,Container ship,11098.211008,6400.05,266.66875,41.617966139639535
9525883,ALULA EXPRESS,Container ship,12352.63,3168.2,132.00833333333333,93.57462281421627
9525895,TAYMA EXPRESS,Container ship,11185.11,2707.4,112.80833333333334,99.1514515771589
9525912,AL RIFFA,Container ship,12047.98,3213.8,133.90833333333333,89.97184641234675
9525936,JEBEL ALI,Container ship,7242.14,1706.0,71.08333333333333,101.88239155920283
9526899,MAERSK LA PAZ,Container ship,7820.76512,2671.39,111.30791666666666,70.26243374423053
9526916,MAERSK LETICIA,Container ship,8545.101,3045.65,126.90208333333334,67.33617585737035
9526942,MAERSK LAGUNA,Container ship,6368.4095,1969.57,82.06541666666666,77.60162268921643
9526954,MAERSK LOTA,Container ship,17580.9495,4852.42,202.18416666666667,86.95512507161375
9526966,MAERSK LEON,Container ship,18539.80554,5033.67,209.73625,88.39580921276126
9527025,MAERSK LINS,Container ship,5530.878,1796.49,74.85375,73.8891237913932
9527037,MAERSK LONDRINA,Container ship,7527.274,2308.25,96.17708333333333,78.26473562222463
9527049,MAERSK LANCO,Container ship,8212.46725,2847.72,118.65499999999999,69.21298933883949
9527051,MAERSK LAMANAI,Container ship,17291.77036,4734.6,197.275,87.6531256368014
9527063,MAERSK LABREA,Container ship,11431.70514,3940.85,164.20208333333332,69.61973263636018
9535137,HELLA,Container ship,8718.49,3651.0,152.125,57.31135579293344
9535163,HENRIKA SCHULTE,Container ship,13639.71,4786.8,199.45000000000002,68.38661318626221
9535187,HERMANN SCHULTE,Container ship,11761.33,4816.82,200.70083333333332,58.601301273454276
9535204,HUBERT SCHULTE,Container ship,13786.28,5109.3,212.88750000000002,64.7585226939111
9539664,DACHAN BAY EXPRESS,Container ship,10992.65,5674.8,236.45000000000002,46.490378515542396
9539688,JAKARTA EXPRESS,Container ship,10312.7,5628.36,234.515,43.97458584738717
9540065,MSC AUDREY,Container ship,11163.68,2788.6,116.19166666666666,96.079868034139
9540077,MSC MARTINA MARIA,Container ship,6354.1,1875.0,78.125,81.33248
9540118,BERLIN EXPRESS,Container ship,19821.6,3817.72,159.07166666666666,124.60798591829678
9540120,MANILA EXPRESS,Container ship,23179.87,4297.4,179.0583333333333,129.4542932936194
9540132,HANOI EXPRESS,Container ship,11178.73,3024.9,126.03750000000001,88.69368243578299
9540144,BUSAN EXPRESS,Container ship,23022.56,4341.64,180.90166666666667,127.26560470237054
9543093,SINGAPORE EXPRESS,Container ship,14132.61,3261.8,135.90833333333333,103.98633883132014
9543108,DAMIETTA EXPRESS,Container ship,23653.09,4414.96,183.95666666666668,128.57968362114266
9550307,CMA CGM NACALA,Container ship,714.8,934.06,38.91916666666666,18.36627197396313
9550357,MAERSK WAKAYAMA,Container ship,635.07,683.48,28.478333333333335,22.300111195645812
9550371,CALYPSO,Container ship,2876.63,3235.1,134.79583333333332,21.340644802324505
9555254,VIKING ORCA,Container ship,2534.7,4252.7,177.19583333333333,14.304512427399064
9561485,MAERSK CUNENE,Container ship,9914.855131,5262.66,219.2775,45.21601683255236
9566382,ONE HOUSTON,Container ship,11062.53338,3692.15,153.83958333333334,71.9095381065233
9566394,ONE HANGZHOU BAY,Container ship,9905.6,3505.87,146.07791666666665,67.81038658022118
9584475,SAMSKIP TOUBKAL,Container ship,4257.08,4461.32,185.88833333333332,22.901275855576376
9584487,HELENA,Container ship,5265.948,5413.56,225.56500000000003,23.345589962981844
9584865,KATHARINA,Container ship,4128.716,4123.41,171.80875,24.030883176788144
9588079,ONE HONOLULU,Container ship,5423.52174,1958.0,81.58333333333333,66.47830529111339
9588081,ONE HELSINKI,Container ship,12077.64993,4271.14,177.96416666666667,67.86562798690747
9588093,ONE HANOI,Container ship,10695.7,3372.4,140.51666666666668,76.11694935357609
9595498,EVER LAWFUL,Container ship,1869.31477,685.61,28.567083333333333,65.43596867023527
9596313,CMA CGM FUZHOU,Container ship,1423.0,2956.75,123.19791666666667,11.550519996617908
9597472,APL VANCOUVER,Container ship,8498.3,2815.7,117.32083333333333,72.43641012891999
9597484,APL NEW YORK,Container ship,6685.2,2385.97,99.41541666666666,67.24510366852894
9597496,APL BOSTON,Container ship,11639.1,3247.39,135.30791666666667,86.01935708368875
9597501,CMA CGM PHOENIX,Container ship,5455.1,2327.53,96.98041666666667,56.249500543494605
9597513,APL SAVANNAH,Container ship,8536.5,2529.32,105.38833333333334,81.00042699223506
9597525,APL COLUMBUS,Container ship,6756.9,2188.45,91.18541666666665,74.1006648541205
9597549,APL MIAMI,Container ship,4698.0,2133.26,88.88583333333334,52.85431686714231
9604146,EVER LENIENT,Container ship,12181.76903,3374.4,140.6,86.64131600284495
9605152,MSC LAGOS X,Container ship,3174.12,789.02,32.87583333333333,96.54873133760867
9605231,MSC DAKAR X,Container ship,5152.51,1259.0,52.458333333333336,98.22100079428118
9605243,MSC NAIROBI X,Container ship,9394.06,2858.0,119.08333333333333,78.88643806857942
9605255,MSC AZOV,Container ship,10967.07,2741.5,114.22916666666667,96.00936713478022
9605267,MSC AJACCIO,Container ship,8177.45,2043.12,85.13,96.05838129918948
9605279,MSC AMALFI,Container ship,14118.12,3845.78,160.24083333333334,88.10563266749529
9606302,MSC LONDON,Container ship,4015.3,812.2,33.84166666666667,118.64959369613396
9606314,MSC NEW YORK,Container ship,13566.42,2728.7,113.69583333333333,119.32205079341811
9606326,MSC ISTANBUL,Container ship,11256.1,2062.2,85.925,130.99912714576666
9606338,MSC AMSTERDAM,Container ship,6044.41,1031.4,42.975,140.64944735311227
9610157,LIVORNO EXPRESS,Container ship,4899.51,3125.4,130.225,37.62342100211173
9610169,DETROIT EXPRESS,Container ship,10046.18,5047.4,210.3083333333333,47.76881562784801
9611034,CHATTANOOGA,Container ship,2045.43,3367.7,140.32083333333333,14.576809098197584
9613006,LEVERKUSEN EXPRESS,Container ship,4402.24,985.0,41.041666666666664,107.26270050761421
9613018,LUDWIGSHAFEN EXPRESS,Container ship,5374.8,1264.9,52.70416666666667,101.98055182227843
9613020,ULSAN EXPRESS,Container ship,4153.8,1149.2,47.88333333333333,86.7483466759485
9618264,MSC ABIDJAN,Container ship,10981.23,2422.9,100.95416666666667,108.77441082999711
9618276,RUBY TOWER,Container ship,5545.19,1160.4,48.35,114.68852119958633
9618288,EMERALD TOWER,Container ship,7441.38,1532.4,63.85,116.54471417384495
9618290,SAPPHIRE TOWER,Container ship,13771.37,3189.2,132.88333333333333,103.63504327103978
9618305,MSC ATHENS,Container ship,13052.3,3172.0,132.16666666666666,98.756368221942
9618317,MSC ATHOS,Container ship,14069.01,3179.68,132.48666666666665,106.19189352387663
9618587,LEONIDIO,Container ship,10712.432001,5635.52,234.81333333333336,45.621055026687856
9619385,JADRANA,Container ship,22963.7,6421.8,267.575,85.8215453611137
9619426,MSC ALTAMIRA,Container ship,3234.29,781.8,32.574999999999996,99.28749040675366
9619438,MSC ALBANY,Container ship,11386.222,3061.32,127.555,89.26519540590333
9619440,MSC ANCHORAGE,Container ship,12920.656,3110.9,129.62083333333334,99.68039602687325
9619452,MSC ARICA,Container ship,14495.04,4560.2,190.00833333333333,76.28633831849481
9619464,MSC AGADIR,Container ship,13985.8,3453.3,143.88750000000002,97.1995482581878
9619476,MSC ANTIGUA,Container ship,17443.6,4457.85,185.74375,93.91217739493253
9619907,MAERSK MC-KINNEY MOLLER,Container ship,19413.158,4049.35,168.72291666666666,115.05940262017361
9619919,MAJESTIC MAERSK,Container ship,16089.352101,3045.45,126.89375,126.79388938383491
9619921,MARY MAERSK,Container ship,17286.145,3435.17,143.13208333333333,120.77058195082049
9619933,MARIE MAERSK,Container ship,16288.78299,3568.62,148.6925,109.54676927215563
9619945,MADISON MAERSK,Container ship,16218.149303,3252.33,135.51375,119.67899422014372
9619957,MAGLEBY MAERSK,Container ship,20072.35375,4115.45,171.47708333333333,117.05560509786292
9619969,MARIBO MAERSK,Container ship,19036.403533,3800.42,158.35083333333333,120.2166299493214
9619971,MARSTAL MAERSK,Container ship,20065.687,3855.02,160.62583333333333,124.92191687721466
9619983,MATZ MAERSK,Container ship,16548.568874,3302.18,137.59083333333334,120.27377459011926
9619995,MAYVIEW MAERSK,Container ship,15446.011375,3435.33,143.13875,107.90936329260946
9620619,MERKUR OCEAN,Container ship,6864.3,3439.92,143.33,47.8915788739273
9622007,MSC JERSEY,Container ship,8916.44,4058.68,169.11166666666665,52.72516187528951
9622019,MEDITERRANEAN EXPRESS,Container ship,8563.025,4862.8,202.61666666666667,42.26219462038331
9622203,SAN NICOLAS MAERSK,Container ship,3199.401834,1197.07,49.877916666666664,64.14465654974228
9622215,SAN MARCO MAERSK,Container ship,12189.735625,4490.67,187.11125,65.1469947691547
9622227,SAN LORENZO MAERSK,Container ship,6411.369413,2546.83,106.11791666666666,60.417407487739666
9622239,SAN AUGUSTIN MAERSK,Container ship,8256.272,2776.95,115.70625,71.35545400529358
9622241,SAN ANTONIO MAERSK,Container ship,2567.18337,914.88,38.12,67.34478934942288
9622253,SAN RAPHAEL MAERSK,Container ship,11693.559648,4231.83,176.32625,66.31774706261831
9622617,OOCL FRANCE,Container ship,21632.276,4883.9,203.4958333333333,106.30328712709108
9622629,OOCL CHONGQING,Container ship,9850.443,2543.7,105.9875,92.9396674136101
9626041,GENOA EXPRESS,Container ship,8626.7,4789.3,199.55416666666667,43.22986657757919
9626053,BARCELONA EXPRESS,Container ship,9779.32,5854.6,243.9416666666667,40.08876439039388
9626558,ERASMUS GOAL,Container ship,4904.21,5083.05,211.79375000000002,23.155593590462416
9627904,TRAIGUEN,Container ship,11576.13,4142.5,172.60416666666666,67.06750030175014
9627980,OOCL MALAYSIA,Container ship,3159.787,1130.5,47.104166666666664,67.08083856700574
9627992,OOCL KOREA,Container ship,3359.3,839.2,34.96666666666667,96.07149666348904
9628154,VALOR,Container ship,1943.66,511.58,21.315833333333334,91.18386176160132
9628166,VALUE,Container ship,4753.91,1145.38,47.72416666666667,99.6122160331069
9628178,VALIANT,Container ship,2627.9,573.5,23.895833333333332,109.97314734088928
9628180,VALENCE,Container ship,11450.54,3628.89,151.20374999999999,75.72920645155958
9629031,EVER LIVING,Container ship,5100.68447,1376.74,57.36416666666667,88.91760774002353
9629067,EVER LUCENT,Container ship,10513.41288,2864.18,119.34083333333332,88.09568851119693
9629081,EVER LOADING,Container ship,5865.95,1363.6,56.81666666666666,103.24347315928425
9629122,EVER LIFTING,Container ship,8052.536,2371.2,98.8,81.5034008097166
9629160,GREEN HOPE,Container ship,4289.87,6257.7,260.7375,16.452830912316024
9629380,CMA CGM TOKYO,Container ship,9029.4,4378.11,182.42125,49.49752290371873
9630365,SEASPAN GANGES,Container ship,1040.75,377.9,15.745833333333332,66.09685101878804
9630391,SEASPAN AMAZON,Container ship,6177.97,1533.0,63.875,96.71968688845402
9630418,YOKOHAMA EXPRESS,Container ship,1813.23,514.1,21.420833333333334,84.64796732153278
9630420,XIAMEN EXPRESS,Container ship,12561.12,3563.5,148.47916666666666,84.59853514802863
9631101,CALI,Container ship,4189.08,2171.12,90.46333333333332,46.30693835439774
9631113,RDO LIBERTY,Container ship,6185.33,2284.66,95.19416666666666,64.97593515008798
9631876,MSC GUERNSEY V,Container ship,1685.26,750.0,31.25,53.92832
9631955,APL TEMASEK,Container ship,21063.6,4291.67,178.81958333333333,117.79246773400564
9631967,APL LION CITY,Container ship,18619.6,4136.18,172.34083333333334,108.03939867220478
9631979,APL RAFFLES,Container ship,15546.5,3665.06,152.71083333333334,101.80351754132265
9631981,APL CHANGI,Container ship,21239.0,5252.0,218.83333333333334,97.05559786747905
9631993,APL VANDA,Container ship,14977.2,3851.98,160.49916666666667,93.31637235915036
9632002,APL SINGAPURA,Container ship,20950.4,4692.06,195.50250000000003,107.16180099998721
9632014,APL MERLION,Container ship,15889.3,4161.6,173.4,91.63379469434832
9632026,APL FULLERTON,Container ship,22090.8,5198.76,216.615,101.98185721210442
9632064,MERETE MAERSK,Container ship,20991.056,3774.2,157.25833333333333,133.48135869853215
9632090,MOGENS MAERSK,Container ship,18502.513722,3605.78,150.24083333333334,123.15236351857295
9632105,MORTEN MAERSK,Container ship,17972.98409,3818.49,159.10375,112.96392504890679
9632117,MUNKEBO MAERSK,Container ship,16720.07281,3390.21,141.25875,118.36486454821384
9632129,MAREN MAERSK,Container ship,17321.06175,3676.27,153.17791666666668,113.07806064298867
9632131,MARGRETHE MAERSK,Container ship,21552.311,4416.23,184.00958333333332,117.12602468621428
9632143,MARCHEN MAERSK,Container ship,18493.046092,3713.3,154.72083333333333,119.52524875663157
9632155,METTE MAERSK,Container ship,15094.014482,2955.23,123.13458333333334,122.58143953871611
9632167,MARIT MAERSK,Container ship,21027.65479,5058.16,210.75666666666666,99.77219284482895
9632179,MATHILDE MAERSK,Container ship,21028.33632,4818.19,200.75791666666666,104.74474266892754
9632507,RDO GLORY,Container ship,10890.32,5954.3,248.09583333333333,43.89561829266245
9632832,SEADREAM,Container ship,2062.12997,724.67,30.19458333333333,68.29469866283964
9633939,CAP SAN ARTEMISSIO,Container ship,7515.1,2049.72,85.40499999999999,87.99367718517652
9633941,CAP SAN MALEAS,Container ship,3001.92,987.62,41.15083333333333,72.94919098438672
9633953,CAP SAN SOUNIO,Container ship,24336.55934,6602.4,275.09999999999997,88.46441054162123
9634646,ST. JOHN,Container ship,759.87,467.28,19.47,39.02773497688752
9635652,CMA CGM VOLTAIRE,Container ship,14217.4,4042.37,168.43208333333334,84.41028406603057
9635664,COLOMBIA EXPRESS,Container ship,10198.66,5489.41,228.72541666666666,44.58909791762685
9635676,NICARAGUA EXPRESS,Container ship,11007.09,5847.55,243.64791666666667,45.17621225983532
9635688,SFL MAUI,Container ship,8146.72,3455.7,143.98749999999998,56.579355846861716
9637155,HMM PLATINUM,Container ship,2191.99,1112.72,46.36333333333334,47.278524696239835
9637222,HMM DREAM,Container ship,5788.7,2126.8,88.61666666666667,65.32292646229075
9637234,HMM HOPE,Container ship,5168.0,1444.2,60.175000000000004,85.88284171167427
9637260,HMM PRIDE,Container ship,5557.37,1722.8,71.78333333333333,77.4186672858138
9641223,PANAMA EXPRESS,Container ship,9412.76,5586.45,232.76874999999998,40.43824611336359
9641314,ATLANTICO,Container ship,5911.15,4577.8,190.74166666666667,30.990344707064526
9647461,MSC HAMBURG,Container ship,10309.3,2224.52,92.68833333333333,111.22543290237893
9647473,MSC VENICE,Container ship,9975.44,2112.6,88.02499999999999,113.32507810281172
9665592,NORFOLK EXPRESS,Container ship,8803.95,2425.6,101.06666666666666,87.11032321899737
9665607,SAVANNAH EXPRESS,Container ship,8486.19,2401.5,100.0625,84.8088944409744
9665619,EVER TOP,Container ship,18882.83086,3757.36,156.55666666666667,120.61339361679475
9665621,BALTIMORE EXPRESS,Container ship,11441.09,3162.0,131.75,86.83939278937382
9665633,LOS ANGELES EXPRESS,Container ship,9362.35,2535.0,105.625,88.63763313609468
9665645,CHARLESTON EXPRESS,Container ship,8870.08,2349.35,97.88958333333333,90.61311426564794
9665671,CLEMENS SCHULTE,Container ship,7091.78,3220.3,134.17916666666667,52.85306337918827
9667150,HOUSTON EXPRESS,Container ship,11858.26,2961.0,123.375,96.11558257345492
9667162,ATLANTA EXPRESS,Container ship,11827.29,3175.3,132.30416666666667,89.39469026548673
9667174,OAKLAND EXPRESS,Container ship,14268.82,3834.7,159.77916666666667,89.30338227240722
9667186,VANCOUVER EXPRESS,Container ship,11678.92,3264.5,136.02083333333334,85.86125899831521
9670119,NEPTUNE MATUA,Container ship,2440.27,1512.7,63.02916666666667,38.716520129569645
9670834,OSAKA,Container ship,1091.98,799.6,33.31666666666667,32.77578789394697
9673666,NORDLUCHS,Container ship,4532.82,4866.8,202.78333333333333,22.353020465192735
9674531,CMA CGM LOIRE,Container ship,7425.6,1916.35,79.84791666666666,92.9967907741279
9674555,CMA CGM TAGE,Container ship,3963.6,986.13,41.08875,96.46436068266861
9676709,MATHILDE SCHULTE,Container ship,3905.47,2570.6,107.10833333333333,36.46280245856998
9676711,MAX SCHULTE,Container ship,2283.09,2900.2,120.84166666666665,18.893234949313843
9676723,MELCHIOR SCHULTE,Container ship,1101.2,854.7,35.612500000000004,30.92172692172692
9677026,PANDA 006,Container ship,19906.95,6098.03,254.0845833333333,78.34772869270897
9679555,SFL HAWAII,Container ship,9383.21,4630.77,192.94875000000002,48.630581955052826
9679892,CMA CGM CONGO,Container ship,3278.8,572.83,23.86791666666667,137.3726934692666
9683477,CONTSHIP CUB,Container ship,2074.54,1948.3,81.17916666666666,25.555078786634503
9683489,VENTO DI LEVANTE,Container ship,2839.71,2812.7,117.19583333333333,24.23046894443062
9683491,CONTSHIP ZEN,Container ship,2390.76,4352.38,181.34916666666666,13.183187129800249
9684665,YM WELLHEAD,Container ship,8726.49,2393.5,99.72916666666667,87.50188426989763
9684677,YM WONDROUS,Container ship,3458.18,1026.4,42.76666666666667,80.86157443491814
9684689,YM WINNER,Container ship,819.95,372.6,15.525,52.81481481481482
9685334,SEASPAN BRILLIANCE,Container ship,5235.85,2074.2,86.425,60.5825860572751
9685346,SEASPAN BRIGHTNESS,Container ship,1956.9,754.2,31.425,62.272076372315034
9685358,SEASPAN BREEZE,Container ship,4307.17,1532.8,63.86666666666667,67.44003131524009
9686900,MEXICO EXPRESS,Container ship,11359.84,6087.5,253.64583333333334,44.78622751540041
9686912,JAMAICA EXPRESS,Container ship,8724.6,5115.88,213.16166666666666,40.929497955385976
9687526,COPIAPO,Container ship,9644.022,2941.0,122.54166666666667,78.699941516491
9687552,CAUQUENES,Container ship,2966.65,627.22,26.13416666666667,113.51615063295175
9687564,CORCOVADO,Container ship,4828.124,1347.54,56.1475,85.99000845986018
9687576,CISNES,Container ship,4206.768,1368.1,57.00416666666666,73.79755281046708
9689603,ONE MACKINAC,Container ship,7619.16774,3330.1,138.75416666666666,54.91127166151167
9690078,UBENA,Container ship,572.351,417.8,17.408333333333335,32.87798946864528
9690092,CMA CGM ORANGE,Container ship,2491.0,1628.33,67.84708333333333,36.71491650955274
9690107,CMA CGM RED,Container ship,2736.0,1770.75,73.78125,37.08259212198221
9694426,MIEKE SCHULTE,Container ship,6742.23,4264.6,177.6916666666667,37.9434225953196
9694438,MARIANNE SCHULTE,Container ship,1830.06,1149.3,47.887499999999996,38.21581832419734
9694579,MAERSK DANUBE,Container ship,5266.27,3032.83,126.36791666666666,41.674106362704144
9695016,MSC ALINA,Container ship,6848.19,2287.6,95.31666666666666,71.84672145479979
9695133,CSCL PACIFIC OCEAN,Container ship,20107.27,3889.28,162.05333333333334,124.07810185947012
9695169,CSCL ARCTIC OCEAN,Container ship,6614.32,1731.0,72.125,91.7063431542461
9697026,MAERSK BAHAMAS,Container ship,3765.913,2703.2,112.63333333333333,33.43515537141166
9699127,SCI DELHI,Container ship,1293.78,542.9,22.620833333333334,57.19417940688893
9699189,MAERSK SAN CLEMENTE,Container ship,15704.775507,5433.65,226.4020833333333,69.36674466850093
9702065,MSC LETIZIA,Container ship,10935.36,2864.1,119.33749999999999,91.63389546454384
9702077,MSC MELINE,Container ship,14070.9,3650.4,152.1,92.51084812623274
9702089,MSC VITA,Container ship,3184.0,785.3,32.72083333333333,97.30803514580415
9702091,MSC SOFIA CELESTE,Container ship,16407.84,4155.8,173.15833333333333,94.7562827855046
9702106,MSC BRUNELLA,Container ship,9952.83,2102.2,87.59166666666665,113.62759014365903
9702132,CMA CGM KERGUELEN,Container ship,13484.2,2818.58,117.44083333333333,114.81696457081226
9702144,CMA CGM GEORG FORSTER,Container ship,18689.8,3944.48,164.35333333333332,113.71719466190727
9702156,CMA CGM BOUGAINVILLE,Container ship,15623.7,3338.96,139.12333333333333,112.30107578407649
9702261,MSC SARA ELENA,Container ship,9832.65,2729.7,113.7375,86.45037916254533
9702273,MSC ANTONELLA,Container ship,6416.72,1374.1,57.25416666666666,112.07428862528201
9703291,MSC OSCAR,Container ship,4486.0,746.8,31.116666666666664,144.16711301553295
9703306,MSC OLIVER,Container ship,11217.97,1985.5,82.72916666666667,135.59873079828756
9704635,YM WORTH,Container ship,5394.83,1581.9,65.91250000000001,81.84835956760855
9704960,MSC LILY,Container ship,3805.29,828.4,34.516666666666666,110.24500241429261
9704972,MSC ELODIE,Container ship,6120.4,1374.1,57.25416666666666,106.89877010406812
9704984,MSC NAOMI,Container ship,9917.4,2438.2,101.59166666666665,97.62021163153146
9704996,MSC JULIE,Container ship,3726.77,790.9,32.954166666666666,113.08949298267797
9705005,MSC CATERINA,Container ship,7639.47,1650.6,68.77499999999999,111.07917121046894
9705079,CMA CGM URAL,Container ship,2204.5,1261.93,52.58041666666667,41.92625581450635
9706190,CAPE AKRITAS,Container ship,12506.22,3349.22,139.55083333333332,89.61766620287709
9706205,CAPE TAINARO,Container ship,11242.48,2838.4,118.26666666666667,95.06042841037204
9706308,CMA CGM AMAZON,Container ship,2405.1,685.31,28.55458333333333,84.22815951904978
9706310,MSC ADONIS,Container ship,11538.71,3041.2,126.71666666666665,91.05913455215047
9706748,ONE MANCHESTER,Container ship,3212.07084,984.2,41.00833333333333,78.32727104247104
9706750,ONE MUNCHEN,Container ship,3585.035,1458.5,60.770833333333336,58.99269112101474
9706889,CMA CGM VASCO DE GAMA,Container ship,18364.7,3655.58,152.31583333333333,120.56986852975452
9706891,CMA CGM BENJAMIN FRANKLIN,Container ship,22878.8,4237.02,176.54250000000002,129.5937238908478
9706906,CMA CGM ZHENG HE,Container ship,9472.6,1950.29,81.26208333333334,116.56851032410565
9708382,WIKING,Container ship,3673.3,1415.1,58.9625,62.298918804324785
9708435,YM WINDOW,Container ship,887.99,390.5,16.270833333333332,54.57556978233035
9708473,YM WREATH,Container ship,9915.85,2839.1,118.29583333333333,83.8224789545983
9708679,MSC MAYA,Container ship,6247.45,1192.0,49.666666666666664,125.78758389261745
9708784,BRUSSELS EXPRESS,Container ship,16699.78,4141.49,172.56208333333333,96.77548901482317
9708796,SALAHUDDIN,Container ship,13997.17,3596.21,149.84208333333333,93.41280959676993
9708801,LINAH,Container ship,19725.22,5434.5,226.4375,87.11110129726747
9708813,AL NEFUD,Container ship,22684.59,4091.3,170.47083333333333,133.07021240192603
9708825,AL DAHNA EXPRESS,Container ship,23572.16,4418.81,184.11708333333334,128.02809806260055
9708837,AL MURABBA,Container ship,19656.15,5253.3,218.88750000000002,89.80023984923763
9708849,AL NASRIYAH,Container ship,21423.7,4680.12,195.005,109.86231122278916
9708851,BARZAN,Container ship,26202.18,4837.1,201.54583333333335,130.00606148312005
9708863,AL MURAYKH,Container ship,22402.51,4270.91,177.95458333333332,125.88891828673515
9708875,AL ZUBARA,Container ship,15664.28,3180.1,132.50416666666666,118.21726360806265
9709192,CMA CGM CAYENNE,Container ship,6534.53919,4027.55,167.81458333333333,38.939042484885356
9709207,CMA CGM MARSEILLE,Container ship,8421.8,5098.9,212.45416666666665,39.64054992253231
9709219,CMA CGM SAINT LAURENT,Container ship,9261.4,4773.4,198.89166666666665,46.56504797419031
9710244,ANTHEA Y,Container ship,9463.947,2529.58,105.39916666666666,89.7914784272488
9710426,MSC ANZU,Container ship,12753.91,3069.3,127.8875,99.72757306226175
9710438,MSC CHANNE,Container ship,14662.3,3738.0,155.75,94.13996789727126
9713349,SEASPAN BEAUTY,Container ship,4875.624,1542.6,64.27499999999999,75.85568261376896
9713363,SEASPAN BELLWETHER,Container ship,4265.267,1522.6,63.44166666666666,67.23132011033758
9713375,MAERSK GUATEMALA,Container ship,22956.54,5781.1,240.8791666666667,95.30313608136859
9717204,MAERSK SAN JUAN,Container ship,3087.9,914.13,38.08875,81.0711824357586
9717216,MAERSK SAN LAZARO,Container ship,5886.05,1436.4,59.85,98.34670008354219
9717228,MAERSK SAN VINCENT,Container ship,5864.25,1539.1,64.12916666666666,91.44435059450329
9720196,MSC GISELLE,Container ship,11488.37,2998.3,124.92916666666667,91.95907013974586
9720201,MSC DOMITILLE,Container ship,14372.51,3601.4,150.05833333333334,95.77948575553951
9720287,MSC MAXINE,Container ship,10025.48,2307.4,96.14166666666667,104.27820057207246
9720471,MSC JEONGMIN,Container ship,18084.34,3802.6,158.44166666666666,114.1387892494609
9720483,MSC CHLOE,Container ship,16988.03,3936.4,164.01666666666668,103.57502286353011
9720500,MSC SASHA,Container ship,10967.92,2386.6,99.44166666666666,110.29501382720188
9720524,MSC CLEA,Container ship,4460.96,1221.5,50.895833333333336,87.64882521489972
9722663,CMA CGM COLUMBIA,Container ship,14272.7,3203.49,133.47875,106.92863096185724
9723241,CZECH,Container ship,10970.595,2999.9,124.99583333333334,87.76768558951964
9723253,BREMERHAVEN EXPRESS,Container ship,11455.79,3852.37,160.51541666666665,71.36878337231367
9723277,ISTANBUL EXPRESS,Container ship,10818.85,3232.78,134.69916666666668,80.31861122625108
9724049,MSC BRITTANY,Container ship,12455.83,3199.08,133.295,93.44559060729961
9724958,NORDAMELIA,Container ship,4516.73,2761.0,115.04166666666667,39.26168779427743
9725110,HYUNDAI EARTH,Container ship,9920.44,3635.63,151.48458333333335,65.48811622744888
9725122,HYUNDAI MARS,Container ship,12063.44,4944.2,206.00833333333333,58.55801949759314
9725134,HYUNDAI JUPITER,Container ship,7352.86,2619.35,109.13958333333333,67.37115696642296
9725146,HYUNDAI SATURN,Container ship,9093.66,3628.6,151.19166666666666,60.14656892465414
9725158,HYUNDAI NEPTUNE,Container ship,2504.9,770.55,32.106249999999996,78.0190772824606
9725160,HYUNDAI PLUTO,Container ship,5544.21,2334.57,97.27375,56.995952145362956
9725706,MAERSK SALTORO,Container ship,2979.65,934.6,38.94166666666667,76.5157286539696
9726671,MAERSK STADELHORN,Container ship,20903.26,4981.4,207.5583333333333,100.71029027984102
9727613,CAPE KORTIA,Container ship,6090.23,1518.8,63.28333333333333,96.23750329207269
9727625,CAPE SOUNIO,Container ship,7407.51,1915.38,79.8075,92.81721642702753
9727871,MAERSK GUAYAQUIL,Container ship,21814.74,6059.1,252.4625,86.40784274892312
9728253,MAERSK SHIVLING,Container ship,5669.89,1907.1,79.46249999999999,71.35302815793615
9729075,CMA CGM RODOLPHE,Container ship,8942.0,2033.16,84.715,105.55391607153396
9729087,CMA CGM CARL ANTOINE,Container ship,12981.7,3408.39,142.01624999999999,91.40996188816422
9729099,CMA CGM LISA MARIE,Container ship,1505.4,392.1,16.337500000000002,92.14384085692424
9729104,CMA CGM JACQUES JOSEPH,Container ship,12851.2,3139.02,130.7925,98.25639849379743
9729116,CMA CGM ESTELLE,Container ship,11533.6,3070.0,127.91666666666667,90.16495114006514
9729128,CMA CGM JEAN GABRIEL,Container ship,1512.4,535.67,22.31958333333333,67.76112158605113
9731925,COSCO SHIPPING VOLGA,Container ship,2458.39,697.5,29.0625,84.58976344086021
9731949,COSCO SHIPPING SEINE,Container ship,9932.6,2729.43,113.72625,87.33779580351943
9732307,AL DHAIL,Container ship,7199.89,1891.8,78.825,91.34018395179194
9732319,AL MASHRAB,Container ship,22779.16,5627.8,234.49166666666667,97.14272717580582
9732321,AL JASRAH,Container ship,24122.72,5891.13,245.46375,98.2740628707905
9732333,UMM QARN,Container ship,17168.42,4242.49,176.77041666666665,97.12269916959144
9732345,AFIF,Container ship,19513.65,5097.8,212.40833333333333,91.8685707560124
9732357,AL JMELIYAH,Container ship,13131.86,3511.99,146.33291666666665,89.73961770961763
9732606,CMA CGM YUKON,Container ship,15678.4,3804.7,158.52916666666667,98.89915105001708
9734159,CMA CGM QUEST,Container ship,2809.9,3976.51,165.68791666666667,16.95899167863277
9735206,MSC PALAK,Container ship,1811.9,491.5,20.479166666666668,88.47527975584944
9735218,MSC ELMA,Container ship,17006.21,4575.5,190.64583333333334,89.2031559392416
9736107,TIHAMA,Container ship,28203.78,5250.15,218.75625,128.92788206051256
9737462,TAMPA TRIUMPH,Container ship,4203.53333,1072.0,44.666666666666664,94.10895514925375
9739678,SEASPAN BEYOND,Container ship,2509.38,920.6,38.358333333333334,65.4194221160113
9739680,MAERSK GENOA,Container ship,25034.85,5950.7,247.94583333333333,100.9690288537483
9739692,MAERSK GIBRALTAR,Container ship,21148.14,5907.4,246.14166666666665,85.9185699292413
9740653,MERSIN EXPRESS,Container ship,8787.16,4827.85,201.1604166666667,43.6823513572294
9740665,IZMIT EXPRESS,Container ship,8474.67,4685.28,195.22,43.41086978793157
9741396,ONE EAGLE,Container ship,2366.45,794.1,33.0875,71.52096713260295
9741401,ONE CRANE,Container ship,9757.6,3955.91,164.82958333333332,59.198111180486926
9742168,HMM PROMISE,Container ship,10485.2,4179.9,174.1625,60.20354553936698
9743473,MIMMI SCHULTE,Container ship,4712.7,4800.77,200.03208333333336,23.55972062814923
9745500,CMA CGM PREGOLIA,Container ship,3178.0,1646.46,68.6025,46.324842389125756
9745548,CMA CGM NEVA,Container ship,4148.2,2113.29,88.05375,47.109861874139376
9745550,CMA CGM LOUGA,Container ship,4013.0,3825.53,159.39708333333334,25.176119387379003
9745653,MSC ROMANE,Container ship,7243.37,1539.9,64.16250000000001,112.89101889733098
9751107,GEMLIK EXPRESS,Container ship,8405.36,4686.48,195.26999999999998,43.044809750601736
9754953,MSC DITTE,Container ship,4965.6,909.2,37.88333333333333,131.076110866696
9754965,MSC REEF,Container ship,4989.5,744.4,31.016666666666666,160.8651262761956
9755191,MSC ERICA,Container ship,13606.31,2641.8,110.075,123.60944810356574
9755933,MSC DIANA,Container ship,9588.35,1634.9,68.12083333333334,140.75503088873938
9755945,MSC INGY,Container ship,4897.16,887.3,36.97083333333333,132.46009241519215
9756092,CMA CGM WHITE,Container ship,2254.0,2316.48,96.52,23.352673021135516
9756107,CMA CGM BLUE,Container ship,3122.005,2133.97,88.91541666666666,35.11207748937427
9757187,ONE MILANO,Container ship,3054.83,1232.8,51.36666666666667,59.47105775470474
9757216,YM WISDOM,Container ship,2556.7,993.0,41.375,61.793353474320234
9757840,COSCO SHIPPING HIMALAYAS,Container ship,20947.57,5570.58,232.1075,90.24943183654126
9757852,COSCO SHIPPING KILIMANJARO,Container ship,20597.79,5325.23,221.88458333333332,92.83110025294683
9757864,COSCO SHIPPING ALPS,Container ship,10949.83,2695.38,112.3075,97.49865325111858
9757888,COSCO SHIPPING ANDES,Container ship,8487.35,1900.78,79.19916666666667,107.16463767505971
9760615,TAMANRASSET,Container ship,1286.756,691.92,28.83,44.63253555324315
9762338,MSC MIRJA,Container ship,17817.0,3328.4,138.68333333333334,128.4725393582502
9762340,MSC TINA,Container ship,7391.06,1585.0,66.04166666666667,111.91510410094637
9763710,CMA CGM HAMLET,Container ship,3498.641,4232.43,176.35125000000002,19.83904848987461
9763722,CMA CGM AGATHA,Container ship,1088.019,960.43,40.017916666666665,27.188296908676325
9767376,MSC MIRJAM,Container ship,12041.79,2325.7,96.90416666666665,124.26493528830032
9767998,VUNG TAU EXPRESS,Container ship,4740.76,1292.9,53.87083333333334,88.00235130327171
9768007,LAEM CHABANG EXPRESS,Container ship,14965.57,4927.5,205.3125,72.89166514459664
9769271,ONE TRIUMPH,Container ship,12135.27876,4391.33,182.97208333333333,66.32311628595437
9769283,ONE TRUST,Container ship,12775.63543,3824.68,159.36166666666665,80.16755658512609
9769295,ONE TRIBUTE,Container ship,10942.9581,3265.2,136.04999999999998,80.43335611907388
9769300,ONE TRADITION,Container ship,14014.998,3396.1,141.50416666666666,99.04300580077147
9770737,MSC GIULIA,Container ship,16785.29,4232.4,176.35,95.18168415083642
9770749,MSC BIANCA,Container ship,7720.91,2348.9,97.87083333333334,78.88877346843202
9770763,MSC GAYANE,Container ship,2312.93,600.6,25.025000000000002,92.42477522477522
9773210,ONE TRUTH,Container ship,12577.814,4376.6,182.35833333333335,68.97306950600922
9773222,ONE TREASURE,Container ship,11965.1242,4215.1,175.6291666666667,68.12720476382529
9775737,VISTULA MAERSK,Container ship,9451.684365,6079.45,253.31041666666667,37.31265571063172
9775749,VOLGA MAERSK,Container ship,9297.241844,5781.63,240.90125,38.593580747297906
9775751,VAYENGA MAERSK,Container ship,5072.922875,3248.45,135.35208333333333,37.47945912666041
9775763,VENTA MAERSK,Container ship,5558.49407,4767.72,198.655,27.98064015504266
9775775,VUOKSI MAERSK,Container ship,5234.924667,3399.78,141.6575,36.95480060709811
9776171,OOCL HONG KONG,Container ship,27511.625,5819.1,242.4625,113.46754652781358
9776183,OOCL GERMANY,Container ship,15925.738,3469.5,144.5625,110.16507047124945
9776195,OOCL JAPAN,Container ship,12505.658,3022.5,125.9375,99.30051017369726
9776200,OOCL UNITED KINGDOM,Container ship,14216.356,3407.4,141.975,100.13281211480894
9776212,OOCL SCANDINAVIA,Container ship,25292.86,5585.8,232.74166666666667,108.67353646747108
9776224,OOCL INDONESIA,Container ship,29781.115,6022.8,250.95000000000002,118.67350069735006
9776418,CMA CGM ANTOINE DE SAINT EXUPERY,Container ship,23320.4,4971.86,207.16083333333333,112.57147224579937
9776420,CMA CGM JEAN MERMOZ,Container ship,21412.1,4261.23,177.55124999999998,120.596729113425
9776432,CMA CGM LOUIS BLERIOT,Container ship,26932.5,5805.98,241.91583333333332,111.3300424734498
9777204,MSC ANNA,Container ship,6470.67,1547.1,64.46249999999999,100.37882489819664
9777216,MSC VIVIANA,Container ship,13972.13,3016.8,125.7,111.15457438345265
9777589,VALPARAISO EXPRESS,Container ship,11879.73,3268.89,136.20374999999999,87.22028578508302
9777606,CALLAO EXPRESS,Container ship,11199.31,2811.35,117.13958333333333,95.60653778433849
9777618,CARTAGENA EXPRESS,Container ship,11298.41,3333.16,138.88166666666666,81.35278234468193
9777620,GUAYAQUIL EXPRESS,Container ship,12984.91,3186.69,132.77875,97.79358519341385
9777632,SANTOS EXPRESS,Container ship,12483.27,3206.36,133.59833333333333,93.43881535448297
9778090,MSC YASHI B,Container ship,16336.92,3464.5,144.35416666666666,113.1724866503103
9778117,MSC NITYA B,Container ship,7601.26,1612.6,67.19166666666666,113.12801686717104
9778129,HAIPHONG EXPRESS,Container ship,6610.42,1495.3,62.30416666666667,106.09916404734835
9778131,NANSHA EXPRESS,Container ship,7019.45,1645.3,68.55416666666666,102.3927551206467
9778533,VILNIA MAERSK,Container ship,5802.459936,4955.8,206.49166666666667,28.100213580854756
9778545,VAGA MAERSK,Container ship,5174.381375,3716.6,154.85833333333332,33.41364499811656
9778791,MADRID MAERSK,Container ship,26990.848919,5962.17,248.42375,108.64842398925224
9778806,MUNICH MAERSK,Container ship,16063.653157,3419.87,142.49458333333334,112.73167569761424
9778818,MOSCOW MAERSK,Container ship,27349.93862,5871.64,244.65166666666667,111.79134396522947
9778820,MILAN MAERSK,Container ship,17141.648723,3485.82,145.2425,118.0208872953853
9778832,MONACO MAERSK,Container ship,26016.20025,6061.63,252.56791666666666,103.00674999958758
9778844,MARSEILLE MAERSK,Container ship,13581.889875,3145.5,131.0625,103.62910729613735
9780445,MANCHESTER MAERSK,Container ship,17987.52936,3616.37,150.68208333333334,119.37404210299277
9780457,MURCIA MAERSK,Container ship,22823.915,4725.97,196.9154166666667,115.90720211935327
9780469,MANILA MAERSK,Container ship,25661.039934,5825.33,242.72208333333333,105.72190046160475
9780471,MUMBAI MAERSK,Container ship,17238.175249,3249.33,135.38875,127.32354238443003
9780483,MAASTRICHT MAERSK,Container ship,26495.62075,6127.1,255.29583333333335,103.78399210066752
9780653,CMA CGM SHAKESPEARE,Container ship,3337.275,4564.69,190.19541666666666,17.54655847385036
9780665,DELPHIS RIGA,Container ship,4824.91,4118.23,171.59291666666664,28.11835181619288
9783459,COSCO SHIPPING TAURUS,Container ship,21066.12,5371.08,223.795,94.13132554346612
9783461,COSCO SHIPPING VIRGO,Container ship,26634.56,6077.02,253.20916666666668,105.1879770018858
9783473,COSCO SHIPPING SAGITTARIUS,Container ship,30422.21,5959.7,248.32083333333333,122.51171032098931
9783497,COSCO SHIPPING ARIES,Container ship,27484.16,5517.13,229.88041666666666,119.5585095874123
9783502,COSCO SHIPPING LEO,Container ship,27539.62,5815.31,242.30458333333334,113.65703290108351
9783514,COSCO SHIPPING CAPRICORN,Container ship,28490.75,6002.9,250.1208333333333,113.90794449349482
9783526,COSCO SHIPPING GEMINI,Container ship,19245.16,3925.5,163.5625,117.66242262132212
9783538,COSCO SHIPPING LIBRA,Container ship,15347.908,3424.08,142.67,107.5762809280157
9784257,MAERSK HONG KONG,Container ship,15402.85664,3773.95,157.24791666666667,97.95269130751599
9784269,MAERSK HORSBURGH,Container ship,19392.67,4877.86,203.24416666666664,95.41562898484172
9784271,MAERSK HALIFAX,Container ship,8297.484,1452.0,60.5,137.1484958677686
9784283,MAERSK HIDALGO,Container ship,18713.935,4522.32,188.42999999999998,99.31505068195088
9784295,MAERSK HANOI,Container ship,24194.300238,5741.55,239.23125000000002,101.13352765577238
9784300,MAERSK HANGZHOU,Container ship,7105.931125,1716.28,71.51166666666667,99.3674382967814
9784312,MAERSK HAMBURG,Container ship,19452.829167,4350.9,181.2875,107.30375324829346
9784324,MAERSK HERRERA,Container ship,24236.343,5609.2,233.71666666666667,103.69967767239535
9784336,MAERSK HAVANA,Container ship,18554.994,4596.95,191.53958333333333,96.87289528926789
9784788,ONE STORK,Container ship,4871.0,3331.39,138.80791666666667,35.09165843686869
9785445,MSC CAROLE,Container ship,13790.23,3199.1,133.29583333333332,103.45582194992342
9785457,MSC RAYSHMI,Container ship,15329.42,3442.6,143.44166666666666,106.8686690292221
9785469,MSC EUGENIA,Container ship,13170.09,3365.7,140.23749999999998,93.91275514751761
9785471,MSC CASSANDRE,Container ship,16534.76,3559.2,148.29999999999998,111.49534726904923
9785483,MSC ALANYA,Container ship,15245.84,3577.85,149.07708333333332,102.26816663638779
9785794,COSCO SHIPPING SAKURA,Container ship,3141.4,794.3,33.09583333333333,94.91829283645978
9785809,COSCO SHIPPING ROSE,Container ship,3105.45,888.1,37.00416666666667,83.92163044702171
9785811,COSCO SHIPPING LOTUS,Container ship,11431.11,3636.18,151.5075,75.44913618137717
9786097,MAERSK PANGANI,Container ship,3457.99,1750.08,72.92,47.42169500822819
9786774,POLAR ECUADOR,Container ship,4291.95506,2039.0,84.95833333333333,50.518352839627276
9786815,EVER GENIUS,Container ship,25349.01483,4511.46,187.9775,134.8513243872272
9786827,EVER GIFTED,Container ship,26009.23621,4707.1,196.1291666666667,132.61279111129994
9786839,EVER GLORY,Container ship,24458.37658,4779.18,199.13250000000002,122.82463475324218
9786841,EVER GLOBE,Container ship,28381.31627,4991.96,207.99833333333333,136.4497292606511
9786970,ITAL BONNY,Container ship,7106.17992,4717.09,196.54541666666668,36.15540896612106
9789635,COSCO SHIPPING SCORPIO,Container ship,28234.66,5314.66,221.44416666666666,127.50238773505737
9789647,COSCO SHIPPING PISCES,Container ship,27413.77,5257.83,219.07625,125.13346380541023
9789984,YM TOGETHER,Container ship,3012.16,745.9,31.079166666666666,96.9189435581177
9789996,YM TROPHY,Container ship,5517.7,1729.8,72.075,76.55497745404092
9792618,YM TUTORIAL,Container ship,5069.8,1730.3,72.09583333333333,70.32029127896897
9792682,YM TRANQUILITY,Container ship,2258.2,891.2,37.13333333333333,60.81328545780969
9793909,PARANA EXPRESS,Container ship,2405.55,875.1,36.4625,65.97326019883442
9793911,SANTA CATARINA EXPRESS,Container ship,2500.8,815.7,33.987500000000004,73.57999264435453
9795610,COSCO SHIPPING UNIVERSE,Container ship,27205.3,6161.2,256.71666666666664,105.97403103291568
9795622,COSCO SHIPPING NEBULA,Container ship,26910.17,5462.47,227.6029166666667,118.23297519254109
9795634,COSCO SHIPPING GALAXY,Container ship,31000.98,6190.26,257.9275,120.19261226507449
9795646,COSCO SHIPPING SOLAR,Container ship,28053.71,5683.05,236.79375000000002,118.47318605326365
9795658,COSCO SHIPPING STAR,Container ship,29930.83,5684.52,236.85500000000002,126.36773553439868
9802487,NORDPACIFIC,Container ship,3297.81,2056.6,85.69166666666666,38.4846056598269
9802499,CMA CGM ABU DHABI,Container ship,3402.9,1885.39,78.55791666666667,43.317085589718836
9802504,MARIUS,Container ship,2423.17,1415.6,58.98333333333333,41.082283130827925
9803675,BG DIAMOND,Container ship,3461.77,2925.6,121.89999999999999,28.398441345365054
9803687,BG JADE,Container ship,3758.9,3161.41,131.72541666666666,28.53587481535138
9803699,BG SAPPHIRE,Container ship,3234.676,2790.9,116.28750000000001,27.81619692572288
9803704,BG EMERALD,Container ship,3467.175,2759.7,114.9875,30.152625285357107
9805465,ONE MEISHAN,Container ship,1597.268,901.65,37.56875,42.515867576110466
9809825,CMA CGM FORT DE FRANCE,Container ship,14613.4,5499.47,229.14458333333334,63.773709102877184
9809837,CMA CGM FORT ROYAL,Container ship,14007.1,5846.15,243.5895833333333,57.50286940978251
9809849,CMA CGM FORT SAINT CHARLES,Container ship,14594.8,5461.62,227.5675,64.13393828204818
9809851,CMA CGM FORT FLEUR D'EPEE,Container ship,14123.6,5505.9,229.4125,61.564212935214954
9810915,CMA CGM GREEN,Container ship,3376.841,2028.08,84.50333333333333,39.96103901226776
9810991,EVER GOODS,Container ship,23871.15221,5533.3,230.55416666666667,103.53815138163483
9811000,EVER GIVEN,Container ship,28678.5,5228.1,217.8375,131.65088655534515
9811012,EVER GOLDEN,Container ship,27041.96883,5519.14,229.96416666666667,117.59209802976551
9813993,CONTAINERSHIPS NORD,Container ship,4827.19,4303.53,179.31375,26.92035607977637
9814002,CONTAINERSHIPS POLAR,Container ship,4294.03,4114.8,171.45000000000002,25.045377661125688
9814014,CONTAINERSHIPS AURORA,Container ship,5421.39,5524.12,230.17166666666665,23.553680948277737
9818400,CONTAINERSHIPS ARCTIC,Container ship,4899.86,4640.23,193.34291666666664,25.342847229555435
9820855,EVER GRADE,Container ship,25230.9777,4813.88,200.57833333333335,125.79114244642574
9820908,YM WELLBEING,Container ship,3240.31,915.28,38.13666666666666,84.96573726072896
9820910,YM WONDERLAND,Container ship,2660.0,982.6,40.94166666666667,64.97048646448198
9820922,EVER GENTLE,Container ship,25291.72667,4883.45,203.47708333333333,124.29766662502944
9822736,NORDMAAS,Container ship,985.86,1245.2,51.88333333333333,19.001477674269193
9822841,BRUARFOSS,Container ship,10163.76427,6006.5,250.27083333333334,40.611061763089985
9822853,DETTIFOSS,Container ship,10342.369,5540.89,230.87041666666667,44.79728996605239
9822865,TUKUMA ARCTICA,Container ship,10133.14,5793.86,241.41083333333333,41.97466973658321
9832717,EVER GOVERN,Container ship,21024.475,4309.49,179.56208333333333,117.08749759252254
9832729,EVER GREET,Container ship,22203.56,4095.7,170.65416666666667,130.1085138071636
9833369,MAERSK VALLETTA,Container ship,3177.553803,5253.03,218.87625,14.517581523806259
9839131,CMA CGM CHAMPS ELYSEES,Container ship,27339.5,5303.53,220.98041666666666,123.71910783949559
9839143,CMA CGM LOUVRE,Container ship,26511.4,4844.86,201.86916666666664,131.32961530364142
9839155,CMA CGM MONTMARTRE,Container ship,28989.2,5327.01,221.95875,130.60625003519797
9839167,CMA CGM TROCADERO,Container ship,29563.2,5254.39,218.93291666666667,135.03314371411335
9839179,CMA CGM JACQUES SAADE,Container ship,20133.6,4187.07,174.46124999999998,115.4044236184253
9839181,CMA CGM PALAIS ROYAL,Container ship,23122.5,4607.61,191.98375,120.43988097951
9839193,CMA CGM RIVOLI,Container ship,26144.8,5367.33,223.63875,116.906394799649
9839208,CMA CGM CONCORDE,Container ship,25176.1,4580.34,190.8475,131.91736857962508
9839210,CMA CGM SORBONNE,Container ship,26315.6,5013.87,208.91125,125.96545183660525
9839260,MSC MINA,Container ship,4976.48,911.0,37.958333333333336,131.10375411635565
9839272,MSC ISABELLA,Container ship,7807.6,2003.9,83.49583333333334,93.5088577274315
9839284,MSC ARINA,Container ship,7076.11,1607.7,66.9875,105.6332897928718
9839296,MSC NELA,Container ship,29186.91,4522.9,188.45416666666665,154.87537641778505
9839301,MSC SIXIN,Container ship,15718.77,2524.8,105.2,149.4179657794677
9839430,MSC GULSUN,Container ship,30975.36,4714.2,196.42499999999998,157.69560901107295
9839442,MSC SAMAR,Container ship,5680.05,1364.4,56.85,99.91292875989446
9839454,MSC LENI,Container ship,18211.91,3112.1,129.67083333333332,140.44723498602232
9839466,MSC MIA,Container ship,31580.8,4982.63,207.60958333333335,152.11629199840243
9839478,MSC FEBE,Container ship,19986.6,3035.9,126.49583333333334,158.00204222800485
9839480,MSC AMBRA,Container ship,19743.77,3086.1,128.5875,153.5434626227277
9839909,CMA CGM ARGENTINA,Container ship,2892.4,979.1,40.795833333333334,70.89939740578082
9839911,CMA CGM MEXICO,Container ship,4677.83,1471.4,61.30833333333334,76.3000679624847
9842061,MSC JOSSELINE,Container ship,9974.87,2558.4,106.60000000000001,93.57288930581613
9842073,MSC JEWEL,Container ship,4904.55,1305.9,54.4125,90.13645761543764
9842085,MSC FAITH,Container ship,3970.87,1125.7,46.90416666666667,84.65921648751888
9842097,MSC ALIYA,Container ship,10740.39,2872.0,119.66666666666667,89.7525626740947
9842102,MSC KANOKO,Container ship,3943.66,745.2,31.05,127.00998389694041
9845051,CIRTA,Container ship,1786.2,3298.34,137.43083333333334,12.997083381337278
9845063,DJANET,Container ship,1788.28,2227.32,92.805,19.269220408383166
9845659,CMA CGM KOUROU,Container ship,7784.6,4330.45,180.43541666666667,43.143414656675404
9845661,DOUCE FRANCE,Container ship,8263.61,4704.21,196.00875,42.159393394427546
9845673,CMA CGM SINNAMARY,Container ship,9218.2,4910.34,204.5975,45.05529148694388
9848730,CAPE ALTIUS,Container ship,6786.44,4417.38,184.0575,36.87130380451761
9848742,CAPE CITIUS,Container ship,4738.91,4182.86,174.28583333333333,27.190448640403933
9848948,MAERSK HUACHO,Container ship,25346.743753,6016.12,250.67166666666665,101.11531187409825
9848950,MAERSK HOUSTON,Container ship,23711.590875,5356.65,223.19375,106.23770098849096
9850525,EVER FAITH,Container ship,1052.53615,389.42,16.225833333333334,64.86792563299265
9850575,EVER FOREVER,Container ship,11151.49236,2188.77,91.19875,122.27681146945544
9850587,EVER FRANK,Container ship,3323.4,689.4,28.724999999999998,115.69712793733683
9857157,MSC ORION,Container ship,3382.84,904.5,37.6875,89.76026533996684
9857183,MSC AURIGA,Container ship,7349.07,1937.2,80.71666666666667,91.04773900474912
9857432,CAPE CORFU,Container ship,7413.44,4708.5,196.1875,37.787524689391525
9859117,CMA CGM TENERE,Container ship,3892.8,1256.24,52.343333333333334,74.37050245176081
9859129,CMA CGM SCANDOLA,Container ship,18287.9,5023.88,209.32833333333335,87.3646663534957
9859131,CMA CGM IGUACU,Container ship,17705.01,4976.38,207.34916666666666,85.38741816340391
9860245,CMA CGM BRAZIL,Container ship,6180.5,1497.38,62.39083333333334,99.06102659311597
9860908,YM TRIUMPH,Container ship,2779.98,854.2,35.59166666666667,78.10760945914305
9860910,YM TRUTH,Container ship,2554.84,960.41,40.01708333333333,63.84373340552473
9860922,YM TOTALITY,Container ship,2136.26,621.48,25.895,82.49700714423635
9860934,YM TARGET,Container ship,4814.98,1600.68,66.69500000000001,72.1940175425444
9860946,YM TIPTOP,Container ship,2891.52,891.3,37.137499999999996,77.85984516997645
9862736,X-PRESS SAGARMALA,Container ship,4251.584,4922.92,205.12166666666667,20.72713267735409
9862748,X-PRESS SALWEEN,Container ship,767.145,1216.25,50.677083333333336,15.137907502569371
9863297,HMM ALGECIRAS,Container ship,8386.77,3665.0,152.70833333333334,54.920185538881306
9863302,HMM COPENHAGEN,Container ship,8061.3,2598.7,108.27916666666665,74.44922461230617
9863314,HMM DUBLIN,Container ship,11273.5,3996.7,166.52916666666667,67.69684990116846
9863326,HMM GDANSK,Container ship,9967.4,3841.4,160.05833333333334,62.27354610298328
9863338,HMM HAMBURG,Container ship,10592.94,3673.1,153.04583333333332,69.2141678691024
9863340,HMM HELSINKI,Container ship,8932.22,3302.9,137.62083333333334,64.90456265705895
9864215,ZENITH LUMOS,Container ship,8959.38,3226.0,134.41666666666666,66.65378797272163
9864227,ZEPHYR LUMOS,Container ship,9193.63,4004.34,166.8475,55.10199433614528
9864239,ZEUS LUMOS,Container ship,11527.39,4320.48,180.01999999999998,64.03394067325853
9864241,ZEAL LUMOS,Container ship,12678.26,4324.28,180.1783333333333,70.36506424190848
9864564,YM CREDIBILITY,Container ship,4053.13,3250.3,135.42916666666667,29.928043565209364
9864590,YM CONTINUITY,Container ship,4882.04,4670.56,194.60666666666668,25.086704806275904
9865960,GREEN OCEAN,Container ship,468.31,645.8,26.90833333333333,17.403902136884486
9866005,GREEN POLE,Container ship,4217.07,5430.48,226.26999999999998,18.63733592610598
9866249,CONTAINERSHIPS BOREALIS,Container ship,6267.91,5686.0,236.91666666666666,26.45618009145269
9866251,CONTAINERSHIPS STELLAR,Container ship,5254.66,4603.1,191.79583333333335,27.397154091807693
9867827,CMA CGM BALI,Container ship,16674.39,4736.5,197.35416666666666,84.48967803230234
9867839,CMA CGM SYMI,Container ship,3237.944,938.8,39.11666666666667,82.77658287175117
9867841,CMA CGM ARCTIC,Container ship,5389.8,1565.9,65.24583333333334,82.60757391915192
9868314,HMM LE HAVRE,Container ship,8669.67,2308.9,96.20416666666667,90.11740655723504
9868326,HMM OSLO,Container ship,13464.34,3483.5,145.14583333333334,92.76421989378498
9868338,HMM ROTTERDAM,Container ship,11511.2,3918.9,163.2875,70.49651687973667
9868340,HMM SOUTHAMPTON,Container ship,12011.91,3579.5,149.14583333333334,80.53801927643525
9868352,HMM STOCKHOLM,Container ship,11957.96,2939.1,122.46249999999999,97.64589159946922
9868364,HMM ST PETERSBURG,Container ship,7866.59,2970.0,123.75,63.56840404040404
9869162,HMM NURI,Container ship,3302.51,1620.9,67.53750000000001,48.89890801406626
9869186,HMM GARAM,Container ship,1184.1,798.4,33.266666666666666,35.59418837675351
9869203,HMM HANBADA,Container ship,3533.19,1053.4,43.89166666666667,80.4979684830074
9869215,HMM RAON,Container ship,8923.88,3108.58,129.52416666666667,68.89741296669217
9875381,X-PRESS ANTLIA,Container ship,1971.818,1474.85,61.45208333333333,32.08708139810828
9878503,YM TRAVEL,Container ship,5185.58,1884.9,78.53750000000001,66.02680248289033
9878515,YM TOPMOST,Container ship,4808.28,1737.1,72.37916666666666,66.43182315353175
9882499,CMA CGM HERMES,Container ship,1466.2,720.03,30.00125,48.87129702929045
9882504,CMA CGM OSIRIS,Container ship,2404.7,761.46,31.727500000000003,75.79229375147742
9882528,CMA CGM ADONIS,Container ship,1396.9,510.74,21.280833333333334,65.6412264557309
9893890,EVER ACE,Container ship,31014.7206,4516.28,188.1783333333333,164.81557706785233
9893905,EVER ACT,Container ship,29210.84622,4834.84,201.45166666666668,145.00175999205763
9893917,EVER AIM,Container ship,30339.89133,4435.06,184.79416666666668,164.1820836516304
9893929,EVER ALP,Container ship,29025.63157,4411.72,183.8216666666667,157.9010358046295
9893931,EVER ARM,Container ship,27269.35933,3935.39,163.97458333333333,166.30235476534727
9893943,EVER ART,Container ship,31176.38515,4406.2,183.59166666666667,169.81372693023465
9893955,EVER ALOT,Container ship,28671.73646,4152.32,173.01333333333332,165.71980845406907
9893979,EVER APEX,Container ship,30524.35317,4621.6,192.5666666666667,158.51317207893368
9893993,EVER ATOP,Container ship,20617.82802,2957.23,123.21791666666667,167.32816604728075
9894973,CMA CGM KIMBERLEY,Container ship,16407.6,3746.58,156.1075,105.10449529971334
9894985,CMA CGM EVERGLADE,Container ship,6647.0,1564.87,65.20291666666667,101.94329241406635
9894997,CMA CGM GALAPAGOS,Container ship,2992.5,1003.35,41.80625,71.5802063088653
9895006,CMA CGM GREENLAND,Container ship,19985.1,4899.0,204.125,97.90618493570116
9896983,MSC APOLLINE,Container ship,18397.4,2998.7,124.94583333333333,147.2430053022977
9896995,MSC AMELIA,Container ship,21362.57,3543.9,147.6625,144.671599085753
9897004,MSC DILETTA,Container ship,5916.27,917.0,38.208333333333336,154.84239912758997
9897016,MSC MICHELLE,Container ship,18655.18,3114.7,129.77916666666667,143.74556779144058
9897028,MSC ALLEGRA,Container ship,29249.76,4740.7,197.52916666666667,148.07818254688127
9897755,CMA CGM HOPE,Container ship,11083.4,3045.57,126.89875,87.34049783784316
9897767,CMA CGM UNITY,Container ship,19274.1,5553.92,231.41333333333333,83.28863217331183
9904510,EVER COZY,Container ship,3284.87717,3605.04,150.21,21.868565142134347
9908047,MSC WASHINGTON,Container ship,21291.85,5812.3,242.17916666666667,87.9177606111178
9908059,MSC VIRGINIA,Container ship,14665.2,4364.6,181.85833333333335,80.6407918251386
9908097,OOCL PIRAEUS,Container ship,14667.174001,3551.9,147.99583333333334,99.1053171609561
9908102,OOCL GDYNIA,Container ship,13194.44,2827.78,117.82416666666667,111.98415718337353
9908126,OOCL SPAIN,Container ship,17370.2,3514.2,146.42499999999998,118.62864947925561
9908138,OOCL TURKIYE,Container ship,13884.4,3014.9,125.62083333333334,110.52625294371289
9908140,OOCL ZEEBRUGGE,Container ship,13734.4,2924.1,121.83749999999999,112.72719811223966
9909132,EVER ARIA,Container ship,28456.31097,4294.09,178.92041666666668,159.04451543400347
9922512,OOCL FELIXSTOWE,Container ship,12297.2,2729.6,113.73333333333333,108.12309495896835
9922524,OOCL ABU DHABI,Container ship,15144.092,3673.9,153.07916666666668,98.92980429516318
9922536,OOCL FINLAND,Container ship,12033.2,3383.23,140.96791666666667,85.36126719141176
9922548,OOCL DENMARK,Container ship,30654.329,6011.08,250.46166666666667,122.39130006587835
9922598,OOCL VALENCIA,Container ship,31421.1,6088.3,253.67916666666667,123.86157055335643
9922603,OOCL SWEDEN,Container ship,12287.0,2743.5,114.3125,107.48605795516676
9922615,OOCL PORTUGAL,Container ship,14715.22,3214.7,133.94583333333333,109.85948299996889
9924182,MAERSK CAMBRIDGE,Container ship,24915.96,5553.92,231.41333333333333,107.66864484904356
9924194,MAERSK CAMDEN,Container ship,7318.79,2014.5,83.9375,87.19332836932242
9924209,MAERSK CAMPBELL,Container ship,16881.72,3826.9,159.45416666666668,105.87192766991559
9924211,MAERSK CAMPTON,Container ship,18793.21,4927.49,205.31208333333333,91.53484634164656
9924223,MAERSK CANDOR,Container ship,20374.87,5049.1,210.3791666666667,96.84832544413854
9924235,MAERSK CANYON,Container ship,25237.06,5765.78,240.2408333333333,105.04900291027408
9925837,CMA CGM KHAO SOK,Container ship,9075.9,4352.94,181.37249999999997,50.04011082165158
9927251,MSC FATMA,Container ship,13486.57,3533.6,147.23333333333332,91.59997736019923
9927263,MSC AAYA,Container ship,3641.44,1165.0,48.541666666666664,75.01678969957082
9927275,MSC SOFIA,Container ship,5593.0,1494.9,62.2875,89.79329721051575
9927287,MSC DARIA,Container ship,8586.28,2474.58,103.1075,83.27502848968311
9927299,MSC KAYLEY,Container ship,9745.8,2492.8,103.86666666666667,93.82991014120667
9929429,MSC IRINA,Container ship,14287.73,2288.1,95.33749999999999,149.86474367379049
9929431,MSC MICHEL CAPPELLINI,Container ship,14010.32,2328.7,97.02916666666665,144.39287155923907
9930038,MSC TESSA,Container ship,5865.8,1145.2,47.71666666666667,122.92979392245896
9930040,MSC CELESTINO MARESCA,Container ship,30592.97,5040.0,210.0,145.68080952380953
9930052,MSC RAYA,Container ship,25745.06,4731.0,197.125,130.60271401395053
9930064,MSC NICOLA MASTRO,Container ship,18627.87,3683.3,153.47083333333333,121.377264952624
9930935,MSC BIANCA SILVIA,Container ship,7296.62,2242.7,93.44583333333333,78.0839523788291
9930947,MSC BERANGERE,Container ship,6372.64,2337.3,97.3875,65.43591323321782
9930959,MSC DARLENE,Container ship,8225.89,1975.2,82.3,99.95006075334143
9930961,MSC C. MONTAINE,Container ship,5980.37,2187.7,91.15416666666665,65.60720391278512
9931288,MSC TURKIYE,Container ship,4777.8,1126.8,46.949999999999996,101.76357827476039
9931290,MSC MICOL,Container ship,10041.46,1428.3,59.512499999999996,168.72858643142197
9932036,MSC CALYPSO,Container ship,4529.72,1445.5,60.229166666666664,75.20808024904878
9932048,MSC TAYLOR,Container ship,10136.59,2665.2,111.05,91.27951373255291
9932050,MSC MONICA CRISTINA,Container ship,13508.02,3879.6,161.65,83.56337766780081
9932062,MSC FREYA,Container ship,7784.03,2225.5,92.72916666666667,83.9437070321276
9932892,MSC MARA,Container ship,12860.56,3258.8,135.78333333333333,94.7138333128759
9932919,MSC AZRA,Container ship,8722.86,2669.0,111.20833333333333,78.43710753091047
9932921,MSC ADYA,Container ship,8108.51,2092.9,87.20416666666667,92.98305700224569
9932933,MARLA TIGER,Container ship,1971.2,2038.83,84.95125,23.203896352319713
9932945,MARLA BULL,Container ship,5591.29,3935.59,163.98291666666668,34.096783455593695
9933004,ONE INFINITY,Container ship,7220.26,1943.39,80.97458333333334,89.16699170007048
9933016,ONE INGENUITY,Container ship,13494.79,4073.6,169.73333333333332,79.50583267871171
9933119,ONE INTEGRITY,Container ship,12985.83565,4137.66,172.4025,75.322780412117
9933121,ONE INTELLIGENCE,Container ship,7552.40997,2591.53,107.98041666666667,69.94240440203276
9934357,ONE FREEDOM,Container ship,15468.0,4840.3,201.67916666666667,76.6960725574861
9934369,ONE FRIENDSHIP,Container ship,14463.3,4392.1,183.0041666666667,79.03262676168573
9934371,ONE FRUITION,Container ship,10304.61254,3008.88,125.37,82.19360724256201
9934383,ONE FRONTIER,Container ship,14611.36067,4982.78,207.6158333333333,70.37690929160028
9934735,MSC LORETO,Container ship,10005.35,1811.1,75.46249999999999,132.58704654629784
9934747,MSC MARIELLA,Container ship,13542.55,2750.1,114.58749999999999,118.18522962801353
9935234,EVER MASS,Container ship,11626.671,2518.2,104.925,110.80934953538242
9935258,EVER MEED,Container ship,14258.1442,2904.59,121.02458333333334,117.81196685246455
9935260,EVER MEGA,Container ship,12424.487,2676.6,111.52499999999999,111.40539789284914
9935325,EVER MERCY,Container ship,20242.47019,4626.0,192.75,105.01930059662776
9935349,EVER MUSE,Container ship,15757.83,3298.1,137.42083333333332,114.6684212122131
9936379,MAERSK CHARLESTON,Container ship,10428.57,2679.0,111.625,93.425039193729
9936381,ONE FANTASTIC,Container ship,12973.6,4718.5,196.60416666666666,65.98842852601463
9936393,ONE FUTURE,Container ship,10405.66736,3638.3,151.59583333333333,68.64085332160624
9936408,MAERSK CLEVELAND,Container ship,25449.69,5785.9,241.07916666666665,105.56569591593356
9936410,MAERSK CINCINNATI,Container ship,21392.72,4736.4,197.35,108.39989865720801
9936422,ONE FORWARD,Container ship,9640.53,3679.2,153.29999999999998,62.886692759295514
9936616,MSC GEMMA,Container ship,1528.48,563.83,23.49291666666667,65.06131280705176
9936628,MSC CLAUDE GIRARDET,Container ship,18833.0,3407.2,141.96666666666667,132.6579009157079
9936630,MSC METTE,Container ship,17454.61,3063.2,127.63333333333333,136.75588926612693
9936642,MSC CHINA,Container ship,9033.9,1786.1,74.42083333333333,121.38939589048765
9937347,ONE MAGDALENA,Container ship,2313.9,808.0,33.666666666666664,68.72970297029704
9937476,EA GANNET,Container ship,4227.912901,4007.21,166.96708333333333,25.321834798775207
9937488,EA NODDY,Container ship,4275.640999,4099.05,170.79375000000002,25.033942980934604
9938121,CMA CGM CEDRUS,Container ship,6086.3,1566.93,65.28875000000001,93.22126706362121
9938133,CMA CGM CAPE COD,Container ship,15863.8,3959.52,164.98,96.15589768456783
9938145,CMA CGM GRACE BAY,Container ship,19731.9,5711.29,237.97041666666667,82.91744947288616
9938157,CMA CGM MAUI,Container ship,14396.8,4094.2,170.59166666666667,84.39333691563675
9938169,CMA CGM BIG SUR,Container ship,15790.3,4338.0,180.75,87.35988934993084
9938303,ALS CERES,Container ship,1151.75,561.3,23.3875,49.246392303580976
9938418,CMA CGM TIGA,Container ship,3566.2,3251.25,135.46875,26.324890426758937
9939137,ONE INNOVATION,Container ship,11618.85188,3756.27,156.51125,74.23652855625394
9939149,ONE INSPIRATION,Container ship,12123.61,4023.62,167.65083333333334,72.31464203876112
9939890,CHANCE,Container ship,1282.5,1201.9,50.07916666666667,25.609451701472665
9942299,SINAR BUKITTINGGI,Container ship,2208.065,2996.26,124.84416666666668,17.686569256339567
9943267,EVER ACME,Container ship,30134.35475,4643.47,193.4779166666667,155.75087466915903
9943279,EVER AEON,Container ship,25276.68183,3553.83,148.07625,170.70044541241424
9943865,HAMBURG EXPRESS,Container ship,23044.32,4464.2,186.00833333333333,123.88864298194525
9943877,GDANSK EXPRESS,Container ship,21248.09,4372.8,182.20000000000002,116.61959385290888
9943889,BANGKOK EXPRESS,Container ship,24139.3,4373.11,182.21291666666664,132.478533583651
9943891,ROTTERDAM EXPRESS,Container ship,18704.8,3540.31,147.51291666666665,126.80109933875848
9943906,GENOVA EXPRESS,Container ship,17434.75,3216.7,134.02916666666667,130.0817608107688
9943918,WILHELMSHAVEN EXPRESS,Container ship,14974.31,2707.76,112.82333333333334,132.7235205483499
9944455,HMM GARNET,Container ship,4504.36,1788.8,74.53333333333333,60.43416815742397
9944467,HMM AMETHYST,Container ship,2095.8,878.3,36.59583333333333,57.268814755778216
9944479,HMM AQUAMARINE,Container ship,1114.5,908.9,37.87083333333333,29.428980085818026
9944546,LAURA MAERSK,Container ship,5803.235801,4472.7,186.36249999999998,31.139503929170303
9944742,SIARGAO,Container ship,3230.48,3724.76,155.19833333333335,20.815171984235224
9944778,LANGENESS,Container ship,2653.13,3583.69,149.32041666666666,17.768032391194552
9944792,ONE FOCUS,Container ship,11759.81,4138.6,172.4416666666667,68.19587300053156
9944807,ONE FOREVER,Container ship,13338.24868,4696.38,195.6825,68.1627058117103
9944819,ONE FORTUNE,Container ship,13055.12,4494.7,187.27916666666667,69.7094088593232
9946726,MSC ORSOLA,Container ship,12591.95,3061.93,127.58041666666666,98.69814136835265
9946738,MSC GIOIA TAURO,Container ship,7334.1,2127.6,88.64999999999999,82.7309644670051
9946867,MSC VICTORINE,Container ship,13385.78,3010.2,125.425,106.72338050627866
9946879,MSC  CARMELITA,Container ship,5566.58,1459.1,60.79583333333333,91.56186690425605
9946881,MSC QUITTERIE,Container ship,4390.01,1317.2,54.88333333333333,79.98803522623747
9947134,MSC GIUSY,Container ship,14538.5,3845.2,160.21666666666667,90.74274420056175
9947146,MSC ANITA,Container ship,7341.57,1910.77,79.61541666666666,92.21291939898575
9947172,MSC VIOLA,Container ship,15001.41,3976.73,165.69708333333332,90.53514822479777
9947720,REMAH,Container ship,3348.98,4031.22,167.9675,19.938261866134816
9947732,SONGA PANTHER,Container ship,3847.09,4821.0,200.875,19.151661481020536
9948217,CMA CGM EXCELLENCE,Container ship,12258.267,4167.57,173.64874999999998,70.59231350643181
9948229,CMA CGM EXEMPLARITY,Container ship,13561.703,4303.3,179.30416666666667,75.6351804429159
9948231,CMA CGM IMAGINATION,Container ship,13133.704,4417.12,184.04666666666665,71.36072735175861
9948243,CMA CGM BOLDNESS,Container ship,13327.514,4518.2,188.25833333333333,70.79375326457439
9948748,ANE MAERSK,Container ship,20623.75675,4352.73,181.36374999999998,113.71487824882317
9948750,ASTRID MAERSK,Container ship,22039.56565,5946.78,247.7825,88.94722448114779
9948762,ANTONIA MAERSK,Container ship,29179.934,4344.17,181.00708333333333,161.20879615668818
9948774,ALETTE MAERSK,Container ship,20577.9915,5396.81,224.86708333333334,91.51179974836987
9948786,ALEXANDRA MAERSK,Container ship,20758.54305,5505.15,229.38125,90.49799427808507
9948798,ANGELICA MAERSK,Container ship,20310.16075,5530.82,230.45083333333332,88.13229466878329
9948803,A. P. MOLLER,Container ship,23371.696625,5893.57,245.56541666666666,95.17503295964924
9948815,ADRIAN MAERSK,Container ship,19344.60883,5294.89,220.62041666666667,87.68276808772232
9950064,VENTO DI BORA,Container ship,3418.624,3669.94,152.91416666666666,22.35648975187605
9950090,CAPE BYRON,Container ship,1264.029,1135.0,47.291666666666664,26.72836651982379
9950117,CAPE SCOTT,Container ship,3948.488,2565.63,106.90125,36.935844997135206
9950129,CAPE SPENCER,Container ship,3249.822,2091.6,87.14999999999999,37.289982788296044
9950131,CAPE SABLE,Container ship,6741.445,4337.98,180.74916666666664,37.2972397290905
9950557,CMA CGM BETTER WAYS,Container ship,13329.35,4035.7,168.15416666666667,79.26862749956638
9950765,EVER CHAMP,Container ship,3502.26339,2956.0,123.16666666666667,28.435156075778078
9950777,EVER CHART,Container ship,2886.16616,2456.98,102.37416666666667,28.192328728764583
9950789,ITAL WAY,Container ship,2820.512,2175.09,90.62875000000001,31.121603244003694
9950791,ITAL WIT,Container ship,2638.93715,2057.53,85.73041666666667,30.78180711824372
9951185,ADRASTOS,Container ship,1444.1,2354.48,98.10333333333334,14.720192993782065
9951525,CMA CGM INNOVATION,Container ship,7640.6,4322.67,180.11125,42.42155889762577
9951549,CMA CGM ENDURANCE,Container ship,9222.1,5109.11,212.87958333333333,43.32073492252076
9951551,CMA CGM AMBITION,Container ship,9268.4,5439.51,226.64625,40.89368343839794
9952684,ONE READINESS,Container ship,2249.18,920.0,38.333333333333336,58.67426086956521
9952701,ONE RECOGNITION,Container ship,8246.79,4150.7,172.94583333333333,47.68423639386128
9952713,ONE RECOMMENDATION,Container ship,4191.55,2522.8,105.11666666666667,39.875218011733
9952725,ONE REINFORCEMENT,Container ship,5211.25,3354.8,139.78333333333333,37.2809109335877
9952737,ONE RELIABILITY,Container ship,5560.52,3313.8,138.07500000000002,40.271736375158426
9952751,ONE RESILIENCE,Container ship,7322.74,3226.1,134.42083333333332,54.47622826322805
9952763,ONE RESOLUTION,Container ship,6244.66,2569.4,107.05833333333334,58.32950883474741
9952775,ONE RESPONSIBILITY,Container ship,8430.94,3485.2,145.21666666666667,58.05766096637209
9952828,CMA CGM HARMONY,Container ship,13577.698,4077.42,169.8925,79.919349000103
9952830,CMA CGM WISDOM,Container ship,5714.1,1822.08,75.92,75.26475237091675
9954735,MSC ELEONORE,Container ship,7577.1,2490.8,103.78333333333335,73.00883250361329
9954747,MSC ELISABETTA,Container ship,10550.76,3446.5,143.60416666666666,73.47112723052372
9954759,MSC STACEY,Container ship,5894.56,2300.1,95.83749999999999,61.50577800965176
9954761,MSC OLIVIA,Container ship,5093.64,1642.9,68.45416666666667,74.40949540446772
9955258,HMM PERIDOT,Container ship,9576.1,3624.4,151.01666666666668,63.4108818011257
9955789,MSC NAHARA,Container ship,3722.21,2065.9,86.07916666666667,43.2417057940849
9957347,MSC THAIS,Container ship,11993.06,3257.1,135.7125,88.37107856682324
9957359,MSC ROSE,Container ship,8506.35,2464.8,102.7,82.8271665043817
9959541,ECO UMANDE,Container ship,3174.358,3638.48,151.60333333333332,20.938576548448804
9959565,ECO OSTRO,Container ship,3019.62,4332.0,180.5,16.729196675900276
9961283,CMA CGM MERMAID,Container ship,4926.3,4996.41,208.18375,23.663230199283085
9961295,CMA CGM ERMITAGE,Container ship,4330.4,4461.93,185.91375000000002,23.29252139769113
9961300,CMA CGM RUNDALE,Container ship,4662.8,4677.14,194.88083333333336,23.926416570810364
9961312,CMA CGM TIVOLI,Container ship,5257.9,4525.4,188.5583333333333,27.88473947054404
9961348,CMA CGM SALAMANQUE,Container ship,2916.8,4832.42,201.35083333333333,14.486158074008468
9961350,CMA CGM ALTAMIRA,Container ship,2174.6,6464.83,269.36791666666664,8.072973303242312
9961362,CMA CGM SINTRA,Container ship,2382.2,6162.11,256.7545833333333,9.278120643740538
9961465,ASTRAIOS,Container ship,469.88,684.1,28.504166666666666,16.484607513521414
9961805,ALBERT MAERSK,Container ship,19238.799333,5085.25,211.88541666666666,90.79812870399685
9961817,ALVA MAERSK,Container ship,15862.978627,4843.8,201.82500000000002,78.59768922085965
9961829,ARTHUR MAERSK,Container ship,15696.765834,4195.12,174.79666666666665,89.80014398062511
9961831,AXEL MAERSK,Container ship,13510.9705,3280.94,136.70583333333335,98.83243582631806
9962524,CMA CGM BLOSSOM,Container ship,1382.29,1930.2,80.425,17.187317376437676
9962536,MSC MAURA,Container ship,16927.72,4434.72,184.78,91.61013096655483
9962548,MSC ILENIA,Container ship,10929.32,2538.1,105.75416666666666,103.34647177022183
9962550,MSC IVA,Container ship,10207.39,2287.7,95.32083333333333,107.08456528390961
9962562,MSC IDANIA,Container ship,20095.32,4855.1,202.29583333333335,99.33630203291384
9962574,MSC MARIE,Container ship,3976.7,897.2,37.38333333333333,106.37628176549264
9962586,MSC ILARIA,Container ship,18142.49,4570.8,190.45000000000002,95.26117091100026
9962598,MSC LORENZA,Container ship,3923.48,961.5,40.0625,97.93397815912637
9962603,MSC ELENOIRE,Container ship,7837.97,2110.5,87.9375,89.13114427860697
9962615,MSC SIMONA,Container ship,7098.55,2088.7,87.02916666666665,81.56518408579501
9963528,LEONIDAS Z,Container ship,7308.997,4437.88,184.91166666666666,39.52696512749331
9963592,MSC ANNABELLA,Container ship,3259.95,957.9,39.9125,81.6774193548387
9963607,MSC NERANO,Container ship,3310.8,1064.8,44.36666666666667,74.62359128474831
9963619,MSC IERANTO,Container ship,906.4,424.9,17.704166666666666,51.19698752647682
9963633,MSC ISCHIA,Container ship,3052.1,707.3,29.47083333333333,103.56341015127951
9964144,IRENES RESPECT,Container ship,1882.5,1322.0,55.083333333333336,34.175491679273826
9964194,MSC MARIAGRAZIA,Container ship,10964.56,2910.7,121.27916666666665,90.40761328889958
9964209,MSC NAPOLI,Container ship,11936.89,2910.1,121.25416666666666,98.44519432321913
9964211,MSC ROME,Container ship,11736.3,3333.6,138.9,84.49460043196544
9964223,MSC PALERMO,Container ship,14229.08,4073.3,169.72083333333333,83.83814597500798
9964235,MSC MILAN,Container ship,5233.34,1594.3,66.42916666666666,78.78075644483474
9964247,MSC CATANIA,Container ship,9322.52,2298.1,95.75416666666666,97.35889647970063
9964613,BG GREEN,Container ship,3282.62,2725.32,113.555,28.907753951829505
9964625,BG BLUE,Container ship,4253.04,4023.35,167.63958333333332,25.370141797258505
9964637,BG ORANGE,Container ship,3226.6,2392.95,99.70625,32.3610606155582
9966752,CMA CGM FORT BOURBON,Container ship,10957.4,4276.4,178.1833333333333,61.49508932747171
9966764,CMA CGM FORT JAMES,Container ship,1112.3,616.99,25.707916666666666,43.26682766333328
9966934,MSC JIANI,Container ship,1830.31,2847.91,118.66291666666666,15.424448104048233
9966946,MSC YUXIN,Container ship,1556.03,3161.71,131.73791666666668,11.811557669742006
9966984,MSC TAERIM,Container ship,4793.28,5349.0,222.875,21.506584408300615
9967005,MSC KYUNGMIN,Container ship,5409.31,5260.69,219.19541666666666,24.678025125981577
9967275,MSC MOMBASA,Container ship,14560.37,5078.98,211.62416666666664,68.80296437473667
9967433,MH PERSEUS,Container ship,6332.602,2547.18,106.1325,59.66694462111041
9968009,ZIM RUBY,Container ship,5101.41,1608.7,67.02916666666667,76.10731646671225
9968023,ZIM TOPAZ,Container ship,5260.61,1542.2,64.25833333333334,81.86658021008947
9968035,ZIM SPINEL,Container ship,1828.82,925.8,38.574999999999996,47.40946208684382
9968059,JADE I,Container ship,4195.47,1662.6,69.27499999999999,60.56254059906172
9968061,JASPER,Container ship,2610.71,730.7,30.445833333333336,85.74933625290817
9968073,ZIM MOONSTONE,Container ship,10003.18,3005.8,125.24166666666667,79.87102268946703
9968085,ZIM ALEXANDRITE,Container ship,5344.04,1517.3,63.22083333333333,84.52973044223292
9968097,AQUAMARINE,Container ship,2200.7,814.1,33.920833333333334,64.87753347254636
9968279,MSC MARIACRISTINA,Container ship,10146.22,3139.6,130.81666666666666,77.5606064466811
9968281,MSC CARMELA,Container ship,7547.22,1926.3,80.2625,94.03170845662669
9968293,MSC DOLETTE,Container ship,3354.53,1012.9,42.204166666666666,79.48338434198836
9968308,MSC JOSEFINA,Container ship,10971.5,2695.8,112.325,97.67638548853772
9968310,MSC MARIE LESLIE,Container ship,5948.93,1622.8,67.61666666666666,87.98023169829925
9968322,MSC SALERNO,Container ship,2188.91,487.0,20.291666666666668,107.87236139630389
9968891,PANDA 003,Container ship,4726.39293,3939.38,164.14083333333335,28.794741893394388
9968906,PANDA 004,Container ship,5263.57004,4552.38,189.6825,27.749370869742858
9968918,ELBTOWER,Container ship,5635.776,4864.7,202.69583333333333,27.804103850186035
9969041,MAERSK FELIXSTOWE,Container ship,2174.38,893.0,37.208333333333336,58.4379843225084
9969857,CAPE SKAGEN,Container ship,3141.37,1898.6,79.10833333333333,39.709722953755396
9969998,CATHERINE C,Container ship,5653.36,1639.9,68.32916666666667,82.73714250868954
9970014,GREENVILLE,Container ship,6637.13,1869.9,77.91250000000001,85.18697256537781
9970026,GREENFIELD,Container ship,2041.27,914.8,38.11666666666667,53.55321381722781
9971020,PEPI STAR,Container ship,2341.919,3028.97,126.20708333333333,18.556161335371428
9972995,ACHELOOS,Container ship,6611.45,4677.02,194.87583333333336,33.92647455003399
9973004,ACASTOS,Container ship,1934.2,1681.4,70.05833333333334,27.60842155346735
9974474,MSC IVORY COAST,Container ship,3817.23,1999.8,83.325,45.81134113411341
9974486,MSC TOGO,Container ship,8056.54,3029.8,126.24166666666667,63.81839065284837
9974498,MSC CAMEROON,Container ship,4742.22,2045.6,85.23333333333333,55.63809151349238
9974503,MSC GHANA,Container ship,3374.51,1763.0,73.45833333333333,45.937742484401596
9974539,MSC GABON,Container ship,5022.18,1911.6,79.64999999999999,63.05310734463278
9974541,MSC NIGERIA,Container ship,6056.07,2342.4,97.60000000000001,62.0498975409836
9974553,MSC NAMIBIA,Container ship,3138.42,1287.5,53.645833333333336,58.50258640776699
9974565,MSC BENIN,Container ship,4073.3,1778.6,74.10833333333333,54.96412909029574
9975557,MSC PANTERA,Container ship,11493.63,4431.5,184.64583333333334,62.24689608484711
9975569,MSC LYON,Container ship,9339.11,3730.2,155.42499999999998,60.08756635032975
9975571,MSC ROUEN,Container ship,9330.49,3618.93,150.78875,61.87789208412431
9975583,MSC LE HAVRE,Container ship,2214.11,985.2,41.050000000000004,53.93690621193666
9975595,MSC MARSEILLE,Container ship,5067.28,2080.0,86.66666666666667,58.468615384615376
9975600,MSC CALAIS,Container ship,3185.43,1699.5,70.8125,44.98400706090026
9975791,EVER ALLY,Container ship,6371.07469,1057.44,44.06,144.59997026781662
9976202,SEATRADE CHILE,Container ship,3299.162,4483.68,186.82000000000002,17.65957606252007
9976226,CHIQUITA HARVESTER,Container ship,3137.423,3260.64,135.85999999999999,23.093059031355807
9976238,SEATRADE COLOMBIA,Container ship,1259.45,2435.73,101.48875,12.409749849121209
9976587,HMM OCEAN,Container ship,6230.36,2712.4,113.01666666666667,55.12779825984368
9976599,HMM SKY,Container ship,7307.62,3211.6,133.81666666666666,54.60919168015942
9976965,BG RED,Container ship,3720.13,2603.45,108.47708333333333,34.29415583168488
9977426,ELBINSEL,Container ship,4824.876,4567.05,190.29375000000002,25.354884225046803
9978937,MSC FLORA,Container ship,5623.65,2188.5,91.1875,61.67128169979438
9979254,OOCL BREMERHAVEN,Container ship,7540.57,4136.47,172.3529166666667,43.750753661938795
9979266,OOCL VERACRUZ,Container ship,6949.88,4226.37,176.09875,39.465811086109355
9980356,LITTLE EMMA,Container ship,3945.92,4358.3,181.59583333333333,21.729132918798616
9980368,LITTLE ATHINA,Container ship,2293.923,2606.68,108.61166666666666,21.12041063728574
9981063,PANDA 005,Container ship,6085.02496,5602.9,233.45416666666665,26.065180360170626
9981776,CHANG SHUN JIN XIU,Container ship,514.354,609.0,25.375,20.27010837438424
9981790,NCL VESTLAND,Container ship,5392.82,5218.9,217.45416666666665,24.79980072429056
9981805,NCL NORDLAND,Container ship,4364.46,4101.9,170.9125,25.53622467636949
9983401,MAYA BAY,Container ship,308.6,388.0,16.166666666666668,19.088659793814433
9983437,GREEN BAY,Container ship,1252.23,1299.0,54.125,23.135889145496535
9983449,GREEN PARK,Container ship,6981.905,4459.1,185.79583333333335,37.57837231728375
9983669,MSC TEMA VIII,Container ship,9489.77,3491.3,145.47083333333333,65.23486380431358
9983683,MSC TAKORADI VIII,Container ship,8872.2,3397.3,141.55416666666667,62.67706708268331
9984560,BERLIN MAERSK,Container ship,10799.15909,3185.6,132.73333333333332,81.35981233048719
9984572,BEIJING MAERSK,Container ship,5232.92544,1591.15,66.29791666666667,78.93046573861672
9984584,BANGKOK MAERSK,Container ship,6754.97542,1570.06,65.41916666666667,103.25682463090581
9984596,BRISBANE MAERSK,Container ship,3375.50638,822.09,34.253750000000004,98.54414129839797
9985021,VENTO DI MAESTRALE,Container ship,3553.56,3439.3,143.30416666666667,24.797325037071495
9985045,VENTO DI GRECALE,Container ship,3899.63,3417.7,142.40416666666667,27.38424086373877
9985942,ECO MAESTRO,Container ship,4002.232,4675.93,194.83041666666668,20.542131297945005
9985954,ECO LEVANT,Container ship,4000.19,4392.0,183.0,21.85896174863388
9985966,ECO PONENTE,Container ship,3012.61,4453.0,185.54166666666666,16.236838086683136
9985978,ECO ZEPHYR,Container ship,3089.47,4821.0,200.875,15.380062227753577
9987196,CMA CGM SEINE,Container ship,17977.8,3829.56,159.565,112.66756494218657
9987201,CMA CGM SAINT GERMAIN,Container ship,14771.9,3100.8,129.20000000000002,114.33359133126933
9987275,MSC SIENA,Container ship,5900.77,1815.6,75.64999999999999,78.00092531394581
9987287,MSC VERONA,Container ship,10789.04,3017.15,125.71458333333334,85.82170591452198
9987299,MSC OLBIA,Container ship,8844.69,2486.6,103.60833333333333,85.36658891659295
9987304,MSC ANNAMARIA,Container ship,7664.28,1843.9,76.82916666666667,99.757427192364
9987316,MSC GERMANY,Container ship,9396.82,2727.8,113.65833333333335,82.67603196715301
9987328,MSC SAN FRANCISCO,Container ship,6209.37,1526.1,63.5875,97.65079614704148
9987330,MSC ALESSIA,Container ship,4380.3,1188.8,49.53333333333333,88.4313593539704
9987342,MSC SAVANNAH,Container ship,1997.08,593.8,24.741666666666664,80.71727854496464
9987366,MSC GRACE,Container ship,3170.87,675.7,28.15416666666667,112.62524789107592
9996680,CMA CGM COBALT,Container ship,1702.9,843.27,35.13625,48.46561599487709
9996692,CMA CGM ARGON,Container ship,423.1,407.89,16.995416666666667,24.894947167128393
9996707,CMA CGM PLATINUM,Container ship,1116.2,575.19,23.966250000000002,46.57382777864705
9998468,HMM GREEN,Container ship,8724.27,3511.9,146.32916666666668,59.62085480793872
9998470,HMM FOREST,Container ship,8397.61,3225.3,134.38750000000002,62.488029020556226
